{"stats":{"minecraft:used":{"minecraft:iron_shovel":274,"minecraft:chest":9,"minecraft:shield":93,"minecraft:iron_sword":1117,"minecraft:rotten_flesh":23,"minecraft:iron_chestplate":2,"minecraft:jungle_planks":408,"minecraft:axolotl_bucket":1,"minecraft:jungle_sapling":1,"minecraft:grass_block":1,"minecraft:iron_helmet":1,"minecraft:furnace":16,"minecraft:oak_sapling":1,"minecraft:beetroot_seeds":4,"minecraft:egg":17,"minecraft:potato":79,"minecraft:stone_pickaxe":80,"minecraft:oak_planks":3,"minecraft:wooden_pickaxe":18,"minecraft:sugar_cane":88,"minecraft:jungle_boat":3,"minecraft:white_wool":4,"minecraft:golden_hoe":48,"minecraft:cyan_bed":1,"minecraft:bread":5,"minecraft:melon_slice":84,"minecraft:golden_helmet":1,"minecraft:nether_wart_block":2,"minecraft:andesite":5,"minecraft:oak_boat":3,"minecraft:bone_meal":60,"minecraft:enchanting_table":1,"minecraft:stone_sword":141,"minecraft:flint_and_steel":2,"minecraft:tropical_fish":1,"minecraft:wooden_shovel":13,"minecraft:cooked_chicken":43,"minecraft:netherrack":160,"minecraft:torch":250,"minecraft:dirt":238,"minecraft:granite":1,"minecraft:iron_hoe":79,"minecraft:bookshelf":30,"minecraft:iron_axe":428,"minecraft:jungle_log":1,"minecraft:iron_boots":2,"minecraft:crimson_planks":27,"minecraft:melon_seeds":33,"minecraft:cooked_beef":24,"minecraft:cobbled_deepslate":51,"minecraft:iron_leggings":1,"minecraft:wheat_seeds":23,"minecraft:cooked_mutton":59,"minecraft:water_bucket":63,"minecraft:birch_planks":5,"minecraft:crafting_table":19,"minecraft:white_bed":8,"minecraft:diamond_pickaxe":4,"minecraft:iron_pickaxe":1772,"minecraft:stone_axe":65,"minecraft:cobblestone":279,"minecraft:cooked_porkchop":5,"minecraft:porkchop":2,"minecraft:jungle_door":1,"minecraft:bucket":68},"minecraft:picked_up":{"minecraft:iron_chestplate":1,"minecraft:wheat":1,"minecraft:lead":2,"minecraft:string":23,"minecraft:iron_leggings":1,"minecraft:beetroot":5,"minecraft:gold_nugget":68,"minecraft:cobbled_deepslate":67,"minecraft:azalea":3,"minecraft:iron_pickaxe":2,"minecraft:melon_slice":235,"minecraft:iron_boots":1,"minecraft:furnace":16,"minecraft:stick":7,"minecraft:torch":6,"minecraft:porkchop":70,"minecraft:pointed_dripstone":59,"minecraft:rotten_flesh":82,"minecraft:tropical_fish":2,"minecraft:obsidian":4,"minecraft:cobblestone":354,"minecraft:birch_log":5,"minecraft:magma_block":4,"minecraft:feather":44,"minecraft:cooked_beef":2,"minecraft:water_bucket":1,"minecraft:andesite":28,"minecraft:jungle_log":185,"minecraft:brown_wool":3,"minecraft:potato":107,"minecraft:tuff":1,"minecraft:dirt":413,"minecraft:lapis_lazuli":284,"minecraft:bone":44,"minecraft:acacia_planks":1,"minecraft:bow":2,"minecraft:wheat_seeds":86,"minecraft:raw_gold":29,"minecraft:rabbit":1,"minecraft:bamboo":26,"minecraft:moss_block":3,"minecraft:oak_planks":3,"minecraft:cooked_porkchop":12,"minecraft:jungle_planks":116,"minecraft:poisonous_potato":2,"minecraft:sand":5,"minecraft:ink_sac":4,"minecraft:grass_block":3,"minecraft:cyan_bed":2,"minecraft:sugar":2,"minecraft:diamond":64,"minecraft:granite":5,"minecraft:golden_apple":1,"minecraft:emerald":2,"minecraft:oak_sapling":7,"minecraft:netherrack":264,"minecraft:cocoa_beans":44,"minecraft:crafting_table":13,"minecraft:chicken":59,"minecraft:shield":1,"minecraft:cornflower":1,"minecraft:moss_carpet":1,"minecraft:iron_axe":1,"minecraft:flint_and_steel":1,"minecraft:beef":102,"minecraft:oak_boat":3,"minecraft:jungle_sapling":4,"minecraft:iron_nugget":11,"minecraft:light_gray_wool":1,"minecraft:sugar_cane":348,"minecraft:egg":24,"minecraft:raw_iron":200,"minecraft:fire_charge":1,"minecraft:weeping_vines":4,"minecraft:arrow":46,"minecraft:beetroot_seeds":14,"minecraft:golden_hoe":1,"minecraft:hay_block":32,"minecraft:glow_berries":3,"minecraft:mutton":92,"minecraft:white_wool":46,"minecraft:oxeye_daisy":1,"minecraft:jungle_boat":2,"minecraft:crimson_stem":26,"minecraft:glow_ink_sac":10,"minecraft:salmon":1,"minecraft:leather":73,"minecraft:oak_log":6,"minecraft:nether_wart_block":3,"minecraft:golden_boots":1,"minecraft:gunpowder":14,"minecraft:cooked_mutton":1,"minecraft:apple":2,"minecraft:iron_ingot":65,"minecraft:cooked_chicken":18,"minecraft:iron_sword":1,"minecraft:book":36,"minecraft:pumpkin":2,"minecraft:quartz":410,"minecraft:dandelion":6,"minecraft:dripstone_block":10,"minecraft:gravel":1,"minecraft:white_bed":6,"minecraft:spider_eye":5,"minecraft:iron_helmet":1,"minecraft:gray_wool":1,"minecraft:black_wool":7,"minecraft:melon_seeds":50,"minecraft:coal":478},"minecraft:crafted":{"minecraft:oak_planks":24,"minecraft:cooked_chicken":39,"minecraft:bookshelf":30,"minecraft:cooked_mutton":72,"minecraft:iron_boots":3,"minecraft:melon_seeds":33,"minecraft:chest":9,"minecraft:wooden_shovel":1,"minecraft:cooked_porkchop":17,"minecraft:crafting_table":9,"minecraft:jungle_boat":2,"minecraft:wooden_pickaxe":1,"minecraft:iron_helmet":2,"minecraft:birch_planks":20,"minecraft:book":58,"minecraft:iron_chestplate":3,"minecraft:paper":195,"minecraft:diamond_pickaxe":1,"minecraft:shield":3,"minecraft:stick":124,"minecraft:iron_ingot":131,"minecraft:iron_pickaxe":11,"minecraft:stone_sword":1,"minecraft:furnace":4,"minecraft:bone_meal":60,"minecraft:iron_axe":4,"minecraft:iron_hoe":1,"minecraft:stone_pickaxe":1,"minecraft:golden_helmet":1,"minecraft:cooked_beef":64,"minecraft:sugar":32,"minecraft:crimson_planks":28,"minecraft:enchanting_table":1,"minecraft:iron_sword":7,"minecraft:bucket":5,"minecraft:stone_axe":1,"minecraft:air":0,"minecraft:jungle_planks":712,"minecraft:jungle_door":3,"minecraft:iron_shovel":1,"minecraft:iron_leggings":3,"minecraft:white_bed":2,"minecraft:torch":272},"minecraft:killed":{"minecraft:witch":1,"minecraft:spider":22,"minecraft:skeleton":38,"minecraft:chicken":44,"minecraft:piglin":2,"minecraft:pig":24,"minecraft:zombie_villager":2,"minecraft:salmon":1,"minecraft:creeper":3,"minecraft:sheep":47,"minecraft:trader_llama":2,"minecraft:zombie":67,"minecraft:donkey":1,"minecraft:ghast":1,"minecraft:cow":41,"minecraft:horse":8,"minecraft:husk":7,"minecraft:wandering_trader":1,"minecraft:hoglin":1,"minecraft:enderman":2},"minecraft:custom":{"minecraft:animals_bred":2,"minecraft:interact_with_crafting_table":89,"minecraft:leave_game":11,"minecraft:time_since_death":31764,"minecraft:sprint_one_cm":1968533,"minecraft:damage_blocked_by_shield":4143,"minecraft:drop":71,"minecraft:talked_to_villager":278,"minecraft:play_time":607974,"minecraft:deaths":3,"minecraft:jump":14148,"minecraft:walk_on_water_one_cm":111291,"minecraft:interact_with_furnace":132,"minecraft:interact_with_cartography_table":1,"minecraft:sleep_in_bed":21,"minecraft:damage_dealt":43052,"minecraft:crouch_one_cm":55818,"minecraft:horse_one_cm":285,"minecraft:mob_kills":322,"minecraft:climb_one_cm":38352,"minecraft:walk_one_cm":991460,"minecraft:sneak_time":20034,"minecraft:walk_under_water_one_cm":73993,"minecraft:boat_one_cm":266751,"minecraft:total_world_time":607974,"minecraft:time_since_rest":31925,"minecraft:damage_taken":8621,"minecraft:swim_one_cm":246490,"minecraft:fly_one_cm":2955229,"minecraft:open_chest":250,"minecraft:fall_one_cm":386442},"minecraft:mined":{"minecraft:attached_melon_stem":9,"minecraft:white_bed":6,"minecraft:oak_sapling":1,"minecraft:farmland":1,"minecraft:jungle_leaves":26,"minecraft:obsidian":4,"minecraft:cave_vines_plant":3,"minecraft:granite":5,"minecraft:grass_block":299,"minecraft:jungle_log":183,"minecraft:weeping_vines_plant":2,"minecraft:magma_block":10,"minecraft:iron_ore":104,"minecraft:cobbled_deepslate":6,"minecraft:fire":69,"minecraft:pumpkin":1,"minecraft:deepslate_lapis_ore":24,"minecraft:pointed_dripstone":34,"minecraft:cave_vines":5,"minecraft:flowering_azalea_leaves":1,"minecraft:deepslate_redstone_ore":1,"minecraft:melon_stem":2,"minecraft:crimson_nylium":4,"minecraft:torch":2,"minecraft:melon":43,"minecraft:nether_quartz_ore":422,"minecraft:cobblestone":7,"minecraft:cyan_bed":2,"minecraft:sugar_cane":259,"minecraft:oak_planks":3,"minecraft:wall_torch":1,"minecraft:seagrass":2,"minecraft:birch_log":5,"minecraft:nether_wart_block":3,"minecraft:wheat":1,"minecraft:oak_log":7,"minecraft:beetroots":5,"minecraft:sand":6,"minecraft:dirt":99,"minecraft:netherrack":283,"minecraft:oak_leaves":26,"minecraft:deepslate":53,"minecraft:nether_gold_ore":18,"minecraft:diamond_ore":3,"minecraft:tuff":2,"minecraft:deepslate_diamond_ore":62,"minecraft:jungle_planks":58,"minecraft:moss_block":3,"minecraft:crimson_stem":26,"minecraft:hay_block":33,"minecraft:furnace":16,"minecraft:andesite":21,"minecraft:bookshelf":12,"minecraft:potatoes":31,"minecraft:deepslate_iron_ore":86,"minecraft:vine":43,"minecraft:bamboo":3,"minecraft:stone":333,"minecraft:dandelion":3,"minecraft:crafting_table":13,"minecraft:short_grass":454,"minecraft:emerald_ore":2,"minecraft:tall_grass":12,"minecraft:lapis_ore":21,"minecraft:deepslate_gold_ore":26,"minecraft:birch_leaves":3,"minecraft:coal_ore":269,"minecraft:cocoa":6,"minecraft:gravel":1,"minecraft:dripstone_block":10,"minecraft:gold_ore":3,"minecraft:fern":70},"minecraft:broken":{"minecraft:iron_shovel":1,"minecraft:iron_boots":1,"minecraft:iron_sword":3,"minecraft:iron_axe":1,"minecraft:iron_pickaxe":5,"minecraft:iron_helmet":1},"minecraft:dropped":{"minecraft:cooked_beef":10,"minecraft:diamond":40,"minecraft:jungle_planks":15,"minecraft:dirt":36,"minecraft:cornflower":1,"minecraft:iron_pickaxe":1,"minecraft:bone":5,"minecraft:stone_axe":1,"minecraft:cooked_chicken":16,"minecraft:cobbled_deepslate":16,"minecraft:rotten_flesh":4,"minecraft:gunpowder":2,"minecraft:jungle_log":2,"minecraft:bread":1,"minecraft:wheat_seeds":17,"minecraft:poisonous_potato":2,"minecraft:feather":5,"minecraft:cobblestone":37,"minecraft:granite":4,"minecraft:grass_block":1,"minecraft:stick":2,"minecraft:oxeye_daisy":1,"minecraft:ink_sac":1,"minecraft:torch":1,"minecraft:brown_wool":1,"minecraft:jungle_door":2,"minecraft:string":2,"minecraft:acacia_planks":1,"minecraft:dandelion":3,"minecraft:chicken":1,"minecraft:light_gray_wool":1,"minecraft:andesite":15,"minecraft:oak_sapling":1,"minecraft:spider_eye":5,"minecraft:bamboo":6,"minecraft:stone_pickaxe":1,"minecraft:wooden_pickaxe":1,"minecraft:black_wool":2},"minecraft:killed_by":{"minecraft:zombie":1}},"DataVersion":3700}