{"stats":{"minecraft:used":{"minecraft:stone_sword":141,"minecraft:iron_shovel":274,"minecraft:chest":9,"minecraft:shield":37,"minecraft:iron_sword":688,"minecraft:rotten_flesh":23,"minecraft:cooked_chicken":32,"minecraft:iron_chestplate":1,"minecraft:torch":211,"minecraft:dirt":103,"minecraft:jungle_planks":288,"minecraft:granite":1,"minecraft:jungle_sapling":1,"minecraft:iron_axe":196,"minecraft:jungle_log":1,"minecraft:iron_helmet":1,"minecraft:iron_boots":1,"minecraft:melon_seeds":33,"minecraft:furnace":13,"minecraft:oak_sapling":1,"minecraft:beetroot_seeds":4,"minecraft:egg":6,"minecraft:cooked_beef":1,"minecraft:cobbled_deepslate":26,"minecraft:wheat_seeds":1,"minecraft:cooked_mutton":8,"minecraft:water_bucket":23,"minecraft:stone_pickaxe":80,"minecraft:oak_planks":3,"minecraft:wooden_pickaxe":18,"minecraft:sugar_cane":17,"minecraft:golden_hoe":36,"minecraft:crafting_table":9,"minecraft:white_bed":4,"minecraft:melon_slice":80,"minecraft:iron_pickaxe":467,"minecraft:stone_axe":65,"minecraft:cobblestone":142,"minecraft:jungle_door":1,"minecraft:bucket":24,"minecraft:bone_meal":18},"minecraft:picked_up":{"minecraft:cocoa_beans":44,"minecraft:iron_chestplate":1,"minecraft:crafting_table":7,"minecraft:wheat":1,"minecraft:chicken":57,"minecraft:lead":2,"minecraft:shield":1,"minecraft:cornflower":1,"minecraft:string":21,"minecraft:iron_axe":1,"minecraft:flint_and_steel":1,"minecraft:iron_leggings":1,"minecraft:beetroot":5,"minecraft:cobbled_deepslate":42,"minecraft:beef":78,"minecraft:jungle_sapling":1,"minecraft:iron_nugget":11,"minecraft:iron_pickaxe":2,"minecraft:melon_slice":225,"minecraft:sugar_cane":61,"minecraft:iron_boots":1,"minecraft:egg":11,"minecraft:furnace":13,"minecraft:raw_iron":114,"minecraft:stick":6,"minecraft:torch":6,"minecraft:fire_charge":1,"minecraft:porkchop":49,"minecraft:rotten_flesh":56,"minecraft:arrow":31,"minecraft:beetroot_seeds":14,"minecraft:golden_hoe":1,"minecraft:mutton":50,"minecraft:white_wool":25,"minecraft:cobblestone":205,"minecraft:oxeye_daisy":1,"minecraft:feather":44,"minecraft:cooked_beef":2,"minecraft:water_bucket":1,"minecraft:glow_ink_sac":4,"minecraft:jungle_log":103,"minecraft:andesite":16,"minecraft:brown_wool":2,"minecraft:leather":51,"minecraft:oak_log":6,"minecraft:gunpowder":10,"minecraft:lapis_lazuli":112,"minecraft:dirt":291,"minecraft:bone":22,"minecraft:acacia_planks":1,"minecraft:apple":1,"minecraft:bow":2,"minecraft:wheat_seeds":73,"minecraft:raw_gold":12,"minecraft:iron_ingot":65,"minecraft:cooked_chicken":18,"minecraft:bamboo":15,"minecraft:iron_sword":1,"minecraft:oak_planks":3,"minecraft:cooked_porkchop":12,"minecraft:pumpkin":2,"minecraft:dandelion":3,"minecraft:jungle_planks":101,"minecraft:white_bed":2,"minecraft:grass_block":2,"minecraft:spider_eye":5,"minecraft:sugar":2,"minecraft:diamond":43,"minecraft:iron_helmet":1,"minecraft:granite":5,"minecraft:golden_apple":1,"minecraft:gray_wool":1,"minecraft:melon_seeds":3,"minecraft:oak_sapling":4,"minecraft:black_wool":5,"minecraft:coal":143},"minecraft:crafted":{"minecraft:oak_planks":24,"minecraft:cooked_chicken":38,"minecraft:furnace":3,"minecraft:bone_meal":18,"minecraft:cooked_mutton":14,"minecraft:iron_boots":1,"minecraft:iron_axe":2,"minecraft:melon_seeds":33,"minecraft:stone_pickaxe":1,"minecraft:chest":9,"minecraft:cooked_beef":9,"minecraft:crafting_table":4,"minecraft:wooden_pickaxe":1,"minecraft:iron_helmet":1,"minecraft:iron_sword":3,"minecraft:bucket":2,"minecraft:stone_axe":1,"minecraft:air":0,"minecraft:jungle_planks":384,"minecraft:jungle_door":3,"minecraft:iron_chestplate":1,"minecraft:shield":1,"minecraft:stick":76,"minecraft:iron_ingot":64,"minecraft:iron_pickaxe":4,"minecraft:stone_sword":1,"minecraft:iron_shovel":1,"minecraft:iron_leggings":1,"minecraft:white_bed":2,"minecraft:torch":216},"minecraft:killed":{"minecraft:witch":1,"minecraft:spider":18,"minecraft:skeleton":18,"minecraft:chicken":42,"minecraft:husk":7,"minecraft:pig":15,"minecraft:zombie_villager":1,"minecraft:wandering_trader":1,"minecraft:creeper":1,"minecraft:sheep":21,"minecraft:trader_llama":2,"minecraft:zombie":44,"minecraft:enderman":1,"minecraft:cow":27},"minecraft:custom":{"minecraft:mob_kills":202,"minecraft:animals_bred":2,"minecraft:interact_with_crafting_table":34,"minecraft:leave_game":2,"minecraft:time_since_death":31335,"minecraft:climb_one_cm":10175,"minecraft:sprint_one_cm":771045,"minecraft:walk_one_cm":534571,"minecraft:damage_blocked_by_shield":1442,"minecraft:drop":50,"minecraft:talked_to_villager":2,"minecraft:play_time":261496,"minecraft:deaths":1,"minecraft:sneak_time":8508,"minecraft:walk_under_water_one_cm":11158,"minecraft:jump":5721,"minecraft:walk_on_water_one_cm":28346,"minecraft:total_world_time":261496,"minecraft:interact_with_furnace":68,"minecraft:interact_with_cartography_table":1,"minecraft:sleep_in_bed":8,"minecraft:time_since_rest":34192,"minecraft:damage_taken":3186,"minecraft:damage_dealt":25320,"minecraft:swim_one_cm":61747,"minecraft:fly_one_cm":1259998,"minecraft:open_chest":71,"minecraft:crouch_one_cm":26291,"minecraft:fall_one_cm":157461},"minecraft:mined":{"minecraft:diamond_ore":3,"minecraft:white_bed":2,"minecraft:oak_sapling":1,"minecraft:farmland":1,"minecraft:deepslate_diamond_ore":41,"minecraft:jungle_leaves":7,"minecraft:granite":5,"minecraft:grass_block":227,"minecraft:jungle_planks":43,"minecraft:jungle_log":98,"minecraft:furnace":13,"minecraft:cobbled_deepslate":6,"minecraft:iron_ore":75,"minecraft:fire":45,"minecraft:andesite":16,"minecraft:pumpkin":1,"minecraft:deepslate_lapis_ore":12,"minecraft:deepslate_iron_ore":32,"minecraft:vine":24,"minecraft:bamboo":1,"minecraft:stone":201,"minecraft:melon_stem":1,"minecraft:crafting_table":6,"minecraft:torch":2,"minecraft:short_grass":381,"minecraft:melon":41,"minecraft:tall_grass":7,"minecraft:cobblestone":4,"minecraft:deepslate_gold_ore":12,"minecraft:lapis_ore":5,"minecraft:sugar_cane":17,"minecraft:oak_planks":3,"minecraft:wall_torch":1,"minecraft:seagrass":1,"minecraft:wheat":1,"minecraft:oak_log":6,"minecraft:coal_ore":95,"minecraft:beetroots":5,"minecraft:cocoa":6,"minecraft:dirt":56,"minecraft:oak_leaves":17,"minecraft:deepslate":28,"minecraft:fern":65},"minecraft:broken":{"minecraft:iron_shovel":1,"minecraft:iron_sword":1,"minecraft:iron_pickaxe":1},"minecraft:dropped":{"minecraft:wheat_seeds":13,"minecraft:cooked_beef":10,"minecraft:diamond":40,"minecraft:feather":5,"minecraft:cobblestone":37,"minecraft:granite":4,"minecraft:jungle_planks":15,"minecraft:grass_block":1,"minecraft:stick":2,"minecraft:oxeye_daisy":1,"minecraft:dirt":36,"minecraft:torch":1,"minecraft:cornflower":1,"minecraft:brown_wool":1,"minecraft:jungle_door":2,"minecraft:string":2,"minecraft:acacia_planks":1,"minecraft:dandelion":3,"minecraft:bone":5,"minecraft:stone_axe":1,"minecraft:cooked_chicken":16,"minecraft:cobbled_deepslate":16,"minecraft:chicken":1,"minecraft:andesite":15,"minecraft:jungle_log":2,"minecraft:oak_sapling":1,"minecraft:spider_eye":5,"minecraft:stone_pickaxe":1,"minecraft:wooden_pickaxe":1,"minecraft:black_wool":2},"minecraft:killed_by":{"minecraft:zombie":1}},"DataVersion":3700}