{"stats":{"minecraft:killed":{"minecraft:sheep":4,"minecraft:pig":2,"minecraft:cow":3},"minecraft:picked_up":{"minecraft:cocoa_beans":5,"minecraft:crafting_table":1,"minecraft:jungle_log":13,"minecraft:leather":5,"minecraft:porkchop":4,"minecraft:oak_log":6,"minecraft:dirt":8,"minecraft:beef":5,"minecraft:black_wool":1,"minecraft:mutton":8,"minecraft:white_wool":3,"minecraft:cobblestone":18},"minecraft:crafted":{"minecraft:cooked_beef":5,"minecraft:crafting_table":1,"minecraft:stick":8,"minecraft:wooden_pickaxe":1,"minecraft:stone_pickaxe":1,"minecraft:stone_sword":1,"minecraft:furnace":1,"minecraft:stone_axe":1,"minecraft:air":0,"minecraft:jungle_planks":24},"minecraft:used":{"minecraft:stone_sword":28,"minecraft:wooden_pickaxe":18,"minecraft:stone_axe":17,"minecraft:crafting_table":2,"minecraft:furnace":1,"minecraft:cooked_beef":1},"minecraft:mined":{"minecraft:crafting_table":1,"minecraft:short_grass":7,"minecraft:grass_block":3,"minecraft:oak_log":6,"minecraft:cocoa":2,"minecraft:jungle_log":13,"minecraft:dirt":5,"minecraft:stone":18},"minecraft:custom":{"minecraft:time_since_rest":5288,"minecraft:interact_with_furnace":5,"minecraft:sprint_one_cm":12077,"minecraft:damage_taken":20,"minecraft:walk_one_cm":11312,"minecraft:mob_kills":9,"minecraft:damage_dealt":821,"minecraft:interact_with_crafting_table":4,"minecraft:fly_one_cm":21041,"minecraft:crouch_one_cm":142,"minecraft:play_time":5288,"minecraft:sneak_time":131,"minecraft:jump":97,"minecraft:time_since_death":5288,"minecraft:total_world_time":5288,"minecraft:fall_one_cm":3922}},"DataVersion":3700}