{"stats":{"minecraft:used":{"minecraft:stone_sword":141,"minecraft:iron_shovel":274,"minecraft:chest":9,"minecraft:shield":40,"minecraft:iron_sword":710,"minecraft:wooden_shovel":13,"minecraft:cooked_chicken":42,"minecraft:rotten_flesh":23,"minecraft:iron_chestplate":1,"minecraft:torch":211,"minecraft:dirt":153,"minecraft:jungle_planks":296,"minecraft:granite":1,"minecraft:jungle_sapling":1,"minecraft:iron_axe":356,"minecraft:jungle_log":1,"minecraft:iron_helmet":1,"minecraft:iron_boots":1,"minecraft:melon_seeds":33,"minecraft:oak_sapling":1,"minecraft:furnace":13,"minecraft:beetroot_seeds":4,"minecraft:egg":6,"minecraft:potato":29,"minecraft:cooked_beef":3,"minecraft:cobbled_deepslate":26,"minecraft:wheat_seeds":1,"minecraft:cooked_mutton":8,"minecraft:water_bucket":23,"minecraft:stone_pickaxe":80,"minecraft:oak_planks":3,"minecraft:wooden_pickaxe":18,"minecraft:sugar_cane":55,"minecraft:jungle_boat":3,"minecraft:golden_hoe":48,"minecraft:crafting_table":13,"minecraft:white_bed":5,"minecraft:bread":5,"minecraft:cyan_bed":1,"minecraft:melon_slice":84,"minecraft:iron_pickaxe":470,"minecraft:stone_axe":65,"minecraft:cobblestone":142,"minecraft:jungle_door":1,"minecraft:bucket":24,"minecraft:oak_boat":3,"minecraft:bone_meal":60},"minecraft:picked_up":{"minecraft:crafting_table":9,"minecraft:cocoa_beans":44,"minecraft:iron_chestplate":1,"minecraft:wheat":1,"minecraft:chicken":57,"minecraft:lead":2,"minecraft:shield":1,"minecraft:cornflower":1,"minecraft:string":23,"minecraft:iron_axe":1,"minecraft:flint_and_steel":1,"minecraft:iron_leggings":1,"minecraft:beetroot":5,"minecraft:cobbled_deepslate":42,"minecraft:beef":78,"minecraft:oak_boat":3,"minecraft:jungle_sapling":2,"minecraft:iron_nugget":11,"minecraft:iron_pickaxe":2,"minecraft:melon_slice":235,"minecraft:sugar_cane":124,"minecraft:furnace":13,"minecraft:iron_boots":1,"minecraft:egg":11,"minecraft:stick":7,"minecraft:raw_iron":114,"minecraft:torch":6,"minecraft:porkchop":49,"minecraft:fire_charge":1,"minecraft:arrow":31,"minecraft:rotten_flesh":58,"minecraft:beetroot_seeds":14,"minecraft:golden_hoe":1,"minecraft:hay_block":32,"minecraft:mutton":50,"minecraft:white_wool":25,"minecraft:cobblestone":205,"minecraft:oxeye_daisy":1,"minecraft:jungle_boat":2,"minecraft:feather":44,"minecraft:cooked_beef":2,"minecraft:andesite":16,"minecraft:glow_ink_sac":4,"minecraft:water_bucket":1,"minecraft:jungle_log":180,"minecraft:brown_wool":2,"minecraft:leather":51,"minecraft:potato":60,"minecraft:oak_log":6,"minecraft:gunpowder":10,"minecraft:lapis_lazuli":112,"minecraft:dirt":340,"minecraft:bone":22,"minecraft:acacia_planks":1,"minecraft:apple":2,"minecraft:bow":2,"minecraft:wheat_seeds":76,"minecraft:raw_gold":12,"minecraft:iron_ingot":65,"minecraft:cooked_chicken":18,"minecraft:rabbit":1,"minecraft:bamboo":15,"minecraft:iron_sword":1,"minecraft:oak_planks":3,"minecraft:book":27,"minecraft:cooked_porkchop":12,"minecraft:pumpkin":2,"minecraft:poisonous_potato":2,"minecraft:dandelion":6,"minecraft:gravel":1,"minecraft:sand":5,"minecraft:jungle_planks":101,"minecraft:white_bed":3,"minecraft:grass_block":2,"minecraft:cyan_bed":2,"minecraft:spider_eye":5,"minecraft:sugar":2,"minecraft:diamond":43,"minecraft:iron_helmet":1,"minecraft:granite":5,"minecraft:golden_apple":1,"minecraft:gray_wool":1,"minecraft:oak_sapling":6,"minecraft:melon_seeds":50,"minecraft:black_wool":5,"minecraft:coal":143},"minecraft:crafted":{"minecraft:oak_planks":24,"minecraft:cooked_chicken":38,"minecraft:furnace":3,"minecraft:bone_meal":60,"minecraft:bookshelf":10,"minecraft:cooked_mutton":14,"minecraft:iron_boots":1,"minecraft:iron_axe":3,"minecraft:melon_seeds":33,"minecraft:stone_pickaxe":1,"minecraft:chest":9,"minecraft:cooked_beef":41,"minecraft:sugar":32,"minecraft:wooden_shovel":1,"minecraft:crafting_table":5,"minecraft:jungle_boat":2,"minecraft:wooden_pickaxe":1,"minecraft:iron_helmet":1,"minecraft:iron_sword":3,"minecraft:bucket":2,"minecraft:stone_axe":1,"minecraft:air":0,"minecraft:jungle_planks":664,"minecraft:jungle_door":3,"minecraft:book":5,"minecraft:paper":15,"minecraft:iron_chestplate":1,"minecraft:shield":1,"minecraft:stick":84,"minecraft:iron_ingot":64,"minecraft:iron_pickaxe":4,"minecraft:stone_sword":1,"minecraft:iron_shovel":1,"minecraft:iron_leggings":1,"minecraft:white_bed":2,"minecraft:torch":216},"minecraft:killed":{"minecraft:witch":1,"minecraft:spider":19,"minecraft:skeleton":18,"minecraft:chicken":42,"minecraft:husk":7,"minecraft:pig":15,"minecraft:zombie_villager":1,"minecraft:wandering_trader":1,"minecraft:creeper":1,"minecraft:sheep":21,"minecraft:trader_llama":2,"minecraft:zombie":45,"minecraft:enderman":1,"minecraft:cow":27},"minecraft:custom":{"minecraft:mob_kills":204,"minecraft:animals_bred":2,"minecraft:interact_with_crafting_table":43,"minecraft:leave_game":4,"minecraft:time_since_death":103024,"minecraft:climb_one_cm":28113,"minecraft:sprint_one_cm":927868,"minecraft:walk_one_cm":675566,"minecraft:damage_blocked_by_shield":1618,"minecraft:drop":54,"minecraft:talked_to_villager":278,"minecraft:play_time":333185,"minecraft:sneak_time":9066,"minecraft:deaths":1,"minecraft:walk_under_water_one_cm":12635,"minecraft:boat_one_cm":266751,"minecraft:jump":7002,"minecraft:walk_on_water_one_cm":39226,"minecraft:total_world_time":333185,"minecraft:interact_with_furnace":74,"minecraft:interact_with_cartography_table":1,"minecraft:sleep_in_bed":12,"minecraft:time_since_rest":24093,"minecraft:damage_taken":3888,"minecraft:damage_dealt":26018,"minecraft:swim_one_cm":78755,"minecraft:fly_one_cm":1523627,"minecraft:open_chest":110,"minecraft:crouch_one_cm":27326,"minecraft:fall_one_cm":186505},"minecraft:mined":{"minecraft:diamond_ore":3,"minecraft:attached_melon_stem":9,"minecraft:white_bed":3,"minecraft:oak_sapling":1,"minecraft:farmland":1,"minecraft:deepslate_diamond_ore":41,"minecraft:jungle_leaves":23,"minecraft:granite":5,"minecraft:grass_block":277,"minecraft:jungle_planks":43,"minecraft:jungle_log":177,"minecraft:hay_block":33,"minecraft:furnace":13,"minecraft:iron_ore":75,"minecraft:cobbled_deepslate":6,"minecraft:fire":45,"minecraft:andesite":16,"minecraft:pumpkin":1,"minecraft:deepslate_lapis_ore":12,"minecraft:bookshelf":9,"minecraft:potatoes":18,"minecraft:deepslate_iron_ore":32,"minecraft:vine":36,"minecraft:bamboo":1,"minecraft:stone":201,"minecraft:melon_stem":2,"minecraft:dandelion":3,"minecraft:crafting_table":8,"minecraft:torch":2,"minecraft:short_grass":405,"minecraft:melon":43,"minecraft:tall_grass":10,"minecraft:cobblestone":4,"minecraft:lapis_ore":5,"minecraft:cyan_bed":2,"minecraft:deepslate_gold_ore":12,"minecraft:sugar_cane":56,"minecraft:oak_planks":3,"minecraft:wall_torch":1,"minecraft:seagrass":2,"minecraft:wheat":1,"minecraft:oak_log":6,"minecraft:coal_ore":95,"minecraft:cocoa":6,"minecraft:beetroots":5,"minecraft:sand":6,"minecraft:gravel":1,"minecraft:dirt":67,"minecraft:oak_leaves":17,"minecraft:deepslate":28,"minecraft:fern":65},"minecraft:broken":{"minecraft:iron_shovel":1,"minecraft:iron_axe":1,"minecraft:iron_sword":2,"minecraft:iron_pickaxe":1,"minecraft:iron_helmet":1},"minecraft:dropped":{"minecraft:bread":1,"minecraft:wheat_seeds":13,"minecraft:cooked_beef":10,"minecraft:diamond":40,"minecraft:poisonous_potato":1,"minecraft:feather":5,"minecraft:cobblestone":37,"minecraft:granite":4,"minecraft:jungle_planks":15,"minecraft:grass_block":1,"minecraft:stick":2,"minecraft:oxeye_daisy":1,"minecraft:dirt":36,"minecraft:torch":1,"minecraft:cornflower":1,"minecraft:brown_wool":1,"minecraft:jungle_door":2,"minecraft:string":2,"minecraft:acacia_planks":1,"minecraft:dandelion":3,"minecraft:bone":5,"minecraft:stone_axe":1,"minecraft:cooked_chicken":16,"minecraft:cobbled_deepslate":16,"minecraft:rotten_flesh":2,"minecraft:chicken":1,"minecraft:andesite":15,"minecraft:jungle_log":2,"minecraft:oak_sapling":1,"minecraft:spider_eye":5,"minecraft:wooden_pickaxe":1,"minecraft:stone_pickaxe":1,"minecraft:black_wool":2},"minecraft:killed_by":{"minecraft:zombie":1}},"DataVersion":3700}