{"stats":{"minecraft:broken":{"minecraft:golden_helmet":2,"minecraft:iron_shovel":1,"minecraft:iron_boots":2,"minecraft:iron_chestplate":1,"minecraft:iron_leggings":1,"minecraft:diamond_pickaxe":1,"minecraft:iron_sword":3,"minecraft:iron_axe":1,"minecraft:iron_pickaxe":5,"minecraft:iron_helmet":1},"minecraft:mined":{"minecraft:attached_melon_stem":9,"minecraft:white_bed":6,"minecraft:oak_sapling":1,"minecraft:farmland":1,"minecraft:jungle_leaves":31,"minecraft:obsidian":4,"minecraft:cave_vines_plant":17,"minecraft:granite":53,"minecraft:grass_block":305,"minecraft:jungle_log":217,"minecraft:spawner":4,"minecraft:smooth_stone":2,"minecraft:weeping_vines_plant":3,"minecraft:magma_block":19,"minecraft:iron_ore":191,"minecraft:cobbled_deepslate":38,"minecraft:fire":79,"minecraft:pumpkin":1,"minecraft:deepslate_lapis_ore":52,"minecraft:pointed_dripstone":42,"minecraft:cave_vines":25,"minecraft:flowering_azalea_leaves":1,"minecraft:azalea":1,"minecraft:tripwire":2,"minecraft:deepslate_redstone_ore":74,"minecraft:melon_stem":2,"minecraft:crimson_nylium":24,"minecraft:clay":5,"minecraft:torch":2,"minecraft:melon":43,"minecraft:nether_quartz_ore":1082,"minecraft:cobblestone":10,"minecraft:cyan_bed":2,"minecraft:sugar_cane":259,"minecraft:oak_planks":3,"minecraft:wall_torch":1,"minecraft:seagrass":2,"minecraft:nether_wart_block":5,"minecraft:birch_log":5,"minecraft:wheat":1,"minecraft:oak_log":15,"minecraft:beetroots":5,"minecraft:sand":10,"minecraft:dirt":117,"minecraft:tripwire_hook":1,"minecraft:dispenser":2,"minecraft:netherrack":1498,"minecraft:oak_leaves":46,"minecraft:deepslate":349,"minecraft:nether_gold_ore":24,"minecraft:diamond_ore":3,"minecraft:tuff":23,"minecraft:deepslate_diamond_ore":181,"minecraft:jungle_planks":62,"minecraft:spruce_leaves":3,"minecraft:moss_block":12,"minecraft:sandstone":48,"minecraft:rooted_dirt":37,"minecraft:crimson_stem":26,"minecraft:hay_block":33,"minecraft:redstone_ore":5,"minecraft:furnace":22,"minecraft:andesite":23,"minecraft:bookshelf":12,"minecraft:potatoes":62,"minecraft:deepslate_iron_ore":277,"minecraft:vine":50,"minecraft:bamboo":5,"minecraft:stone":525,"minecraft:dandelion":3,"minecraft:crafting_table":16,"minecraft:short_grass":491,"minecraft:emerald_ore":2,"minecraft:tall_grass":16,"minecraft:copper_ore":1,"minecraft:lapis_ore":28,"minecraft:deepslate_gold_ore":69,"minecraft:diorite":19,"minecraft:birch_leaves":3,"minecraft:coal_ore":390,"minecraft:cocoa":6,"minecraft:gravel":2,"minecraft:dripstone_block":18,"minecraft:cobweb":22,"minecraft:gold_ore":8,"minecraft:fern":78},"minecraft:killed":{"minecraft:cave_spider":2,"minecraft:witch":1,"minecraft:spider":46,"minecraft:skeleton":81,"minecraft:chicken":57,"minecraft:piglin":9,"minecraft:pig":31,"minecraft:zombie_villager":2,"minecraft:salmon":1,"minecraft:creeper":4,"minecraft:sheep":59,"minecraft:trader_llama":2,"minecraft:zombie":142,"minecraft:donkey":1,"minecraft:ghast":1,"minecraft:cow":42,"minecraft:horse":8,"minecraft:husk":7,"minecraft:wandering_trader":1,"minecraft:hoglin":1,"minecraft:enderman":5},"minecraft:used":{"minecraft:moss_block":1,"minecraft:iron_shovel":274,"minecraft:chest":9,"minecraft:shield":180,"minecraft:iron_sword":1521,"minecraft:rotten_flesh":51,"minecraft:iron_chestplate":4,"minecraft:mutton":2,"minecraft:jungle_planks":413,"minecraft:carrot":1,"minecraft:tuff":20,"minecraft:axolotl_bucket":1,"minecraft:jungle_sapling":1,"minecraft:lava_bucket":2,"minecraft:grass_block":1,"minecraft:iron_helmet":3,"minecraft:magma_block":8,"minecraft:oak_sapling":1,"minecraft:furnace":17,"minecraft:beetroot_seeds":4,"minecraft:egg":28,"minecraft:potato":111,"minecraft:golden_boots":1,"minecraft:diorite":2,"minecraft:oak_planks":17,"minecraft:stone_pickaxe":90,"minecraft:ender_pearl":1,"minecraft:wooden_pickaxe":18,"minecraft:sugar_cane":88,"minecraft:jungle_boat":3,"minecraft:white_wool":4,"minecraft:golden_apple":2,"minecraft:glow_berries":24,"minecraft:golden_hoe":48,"minecraft:blast_furnace":3,"minecraft:dripstone_block":3,"minecraft:melon_slice":84,"minecraft:bread":10,"minecraft:cyan_bed":1,"minecraft:golden_helmet":2,"minecraft:nether_wart_block":2,"minecraft:diamond_sword":224,"minecraft:grindstone":1,"minecraft:andesite":6,"minecraft:oak_boat":3,"minecraft:bone_meal":60,"minecraft:enchanting_table":1,"minecraft:stone_sword":141,"minecraft:flint_and_steel":2,"minecraft:tropical_fish":1,"minecraft:wooden_shovel":13,"minecraft:cooked_chicken":55,"minecraft:netherrack":657,"minecraft:torch":262,"minecraft:dirt":259,"minecraft:granite":29,"minecraft:iron_hoe":79,"minecraft:bookshelf":30,"minecraft:iron_axe":511,"minecraft:rooted_dirt":34,"minecraft:jungle_log":1,"minecraft:iron_boots":3,"minecraft:crimson_planks":27,"minecraft:melon_seeds":33,"minecraft:beef":1,"minecraft:cooked_beef":39,"minecraft:cobbled_deepslate":280,"minecraft:enchanted_golden_apple":1,"minecraft:pointed_dripstone":5,"minecraft:iron_leggings":2,"minecraft:wheat_seeds":23,"minecraft:cooked_mutton":66,"minecraft:water_bucket":116,"minecraft:birch_planks":5,"minecraft:baked_potato":94,"minecraft:crafting_table":23,"minecraft:white_bed":8,"minecraft:smoker":3,"minecraft:diamond_pickaxe":3196,"minecraft:iron_pickaxe":1914,"minecraft:stone_slab":5,"minecraft:stone_axe":65,"minecraft:cobblestone":412,"minecraft:porkchop":2,"minecraft:cooked_porkchop":9,"minecraft:jungle_door":1,"minecraft:bucket":129,"minecraft:smooth_stone":2},"minecraft:picked_up":{"minecraft:iron_chestplate":2,"minecraft:wheat":1,"minecraft:lead":2,"minecraft:diamond_sword":1,"minecraft:golden_sword":1,"minecraft:string":88,"minecraft:raw_copper":4,"minecraft:iron_leggings":3,"minecraft:beetroot":5,"minecraft:cobbled_deepslate":392,"minecraft:gold_nugget":93,"minecraft:smooth_stone":3,"minecraft:azalea":5,"minecraft:iron_pickaxe":2,"minecraft:enchanted_golden_apple":1,"minecraft:melon_slice":235,"minecraft:furnace":22,"minecraft:iron_boots":2,"minecraft:stick":13,"minecraft:oak_fence":3,"minecraft:torch":40,"minecraft:porkchop":85,"minecraft:pointed_dripstone":70,"minecraft:diorite":13,"minecraft:rotten_flesh":149,"minecraft:tropical_fish":4,"minecraft:obsidian":4,"minecraft:cobblestone":541,"minecraft:birch_log":7,"minecraft:magma_block":13,"minecraft:feather":57,"minecraft:cooked_beef":2,"minecraft:water_bucket":1,"minecraft:andesite":30,"minecraft:jungle_log":234,"minecraft:brown_wool":3,"minecraft:potato":205,"minecraft:flint":1,"minecraft:tuff":21,"minecraft:lapis_lazuli":579,"minecraft:dirt":452,"minecraft:bone":103,"minecraft:acacia_planks":1,"minecraft:bow":6,"minecraft:wheat_seeds":90,"minecraft:raw_gold":86,"minecraft:rabbit":1,"minecraft:bamboo":28,"minecraft:powered_rail":10,"minecraft:moss_block":19,"minecraft:oak_planks":16,"minecraft:cooked_porkchop":12,"minecraft:poisonous_potato":4,"minecraft:jungle_planks":119,"minecraft:sand":5,"minecraft:ink_sac":4,"minecraft:grass_block":3,"minecraft:cyan_bed":2,"minecraft:dispenser":2,"minecraft:sugar":2,"minecraft:diamond":251,"minecraft:crossbow":1,"minecraft:granite":46,"minecraft:bone_meal":1,"minecraft:golden_apple":2,"minecraft:emerald":2,"minecraft:rooted_dirt":34,"minecraft:oak_sapling":9,"minecraft:netherrack":1452,"minecraft:crimson_roots":4,"minecraft:diamond_pickaxe":2,"minecraft:cocoa_beans":47,"minecraft:crafting_table":16,"minecraft:chicken":71,"minecraft:clay_ball":20,"minecraft:chest_minecart":2,"minecraft:gold_block":1,"minecraft:shield":3,"minecraft:cornflower":1,"minecraft:moss_carpet":3,"minecraft:iron_axe":4,"minecraft:flint_and_steel":1,"minecraft:detector_rail":4,"minecraft:beef":103,"minecraft:oak_boat":3,"minecraft:jungle_sapling":4,"minecraft:iron_nugget":25,"minecraft:light_gray_wool":3,"minecraft:sugar_cane":348,"minecraft:egg":37,"minecraft:raw_iron":586,"minecraft:sandstone":10,"minecraft:fire_charge":2,"minecraft:carrot":1,"minecraft:redstone":470,"minecraft:weeping_vines":5,"minecraft:arrow":97,"minecraft:beetroot_seeds":14,"minecraft:golden_hoe":1,"minecraft:hay_block":32,"minecraft:saddle":1,"minecraft:glow_berries":33,"minecraft:mutton":111,"minecraft:rail":5,"minecraft:white_wool":57,"minecraft:oxeye_daisy":1,"minecraft:jungle_boat":2,"minecraft:glow_ink_sac":14,"minecraft:crimson_stem":26,"minecraft:salmon":1,"minecraft:leather":74,"minecraft:oak_log":17,"minecraft:nether_wart_block":5,"minecraft:golden_boots":1,"minecraft:gunpowder":16,"minecraft:cooked_mutton":6,"minecraft:apple":2,"minecraft:iron_ingot":70,"minecraft:cooked_chicken":18,"minecraft:iron_sword":3,"minecraft:book":36,"minecraft:pumpkin":2,"minecraft:quartz":1016,"minecraft:dandelion":6,"minecraft:dripstone_block":20,"minecraft:gravel":1,"minecraft:white_bed":6,"minecraft:spider_eye":10,"minecraft:iron_helmet":1,"minecraft:gray_wool":2,"minecraft:baked_potato":35,"minecraft:melon_seeds":52,"minecraft:black_wool":7,"minecraft:coal":782,"minecraft:ender_pearl":3},"minecraft:dropped":{"minecraft:iron_sword":1,"minecraft:cooked_beef":10,"minecraft:glow_ink_sac":2,"minecraft:diamond":40,"minecraft:leather":1,"minecraft:jungle_planks":15,"minecraft:saddle":1,"minecraft:flint":4,"minecraft:dirt":51,"minecraft:cornflower":1,"minecraft:axolotl_bucket":1,"minecraft:iron_pickaxe":1,"minecraft:white_wool":9,"minecraft:bone":7,"minecraft:stone_axe":1,"minecraft:cooked_chicken":16,"minecraft:cobbled_deepslate":25,"minecraft:rotten_flesh":15,"minecraft:gunpowder":2,"minecraft:melon_seeds":2,"minecraft:jungle_log":2,"minecraft:azalea":2,"minecraft:netherrack":529,"minecraft:bread":1,"minecraft:wheat_seeds":21,"minecraft:poisonous_potato":2,"minecraft:feather":5,"minecraft:cobblestone":37,"minecraft:granite":4,"minecraft:tropical_fish":1,"minecraft:grass_block":1,"minecraft:stick":2,"minecraft:oxeye_daisy":1,"minecraft:gray_wool":1,"minecraft:diorite":3,"minecraft:ink_sac":1,"minecraft:torch":1,"minecraft:brown_wool":1,"minecraft:jungle_door":2,"minecraft:iron_axe":1,"minecraft:string":12,"minecraft:acacia_planks":1,"minecraft:dandelion":3,"minecraft:redstone":162,"minecraft:raw_copper":4,"minecraft:chicken":1,"minecraft:light_gray_wool":3,"minecraft:diamond_pickaxe":2,"minecraft:andesite":16,"minecraft:oak_sapling":3,"minecraft:spider_eye":6,"minecraft:bamboo":6,"minecraft:stone_pickaxe":1,"minecraft:wooden_pickaxe":1,"minecraft:magma_block":1,"minecraft:black_wool":2},"minecraft:killed_by":{"minecraft:piglin":1,"minecraft:zombie":1},"minecraft:custom":{"minecraft:animals_bred":6,"minecraft:interact_with_crafting_table":142,"minecraft:leave_game":21,"minecraft:time_since_death":85719,"minecraft:damage_resisted":40,"minecraft:sprint_one_cm":3171554,"minecraft:damage_blocked_by_shield":7939,"minecraft:drop":148,"minecraft:talked_to_villager":278,"minecraft:play_time":910782,"minecraft:deaths":6,"minecraft:jump":22191,"minecraft:walk_on_water_one_cm":180039,"minecraft:enchant_item":8,"minecraft:interact_with_furnace":221,"minecraft:interact_with_cartography_table":1,"minecraft:sleep_in_bed":22,"minecraft:damage_dealt":76152,"minecraft:crouch_one_cm":107410,"minecraft:interact_with_smoker":43,"minecraft:use_cauldron":1,"minecraft:horse_one_cm":285,"minecraft:mob_kills":516,"minecraft:climb_one_cm":56972,"minecraft:walk_one_cm":1470823,"minecraft:sneak_time":38558,"minecraft:walk_under_water_one_cm":137608,"minecraft:boat_one_cm":266751,"minecraft:interact_with_blast_furnace":69,"minecraft:total_world_time":910782,"minecraft:interact_with_grindstone":5,"minecraft:time_since_rest":85774,"minecraft:damage_taken":17385,"minecraft:damage_absorbed":120,"minecraft:swim_one_cm":473819,"minecraft:fly_one_cm":4231025,"minecraft:open_chest":405,"minecraft:fall_one_cm":633632},"minecraft:crafted":{"minecraft:grindstone":1,"minecraft:oak_planks":56,"minecraft:smooth_stone":19,"minecraft:cooked_chicken":51,"minecraft:stone":48,"minecraft:bookshelf":30,"minecraft:cooked_mutton":76,"minecraft:quartz_block":183,"minecraft:iron_boots":5,"minecraft:melon_seeds":33,"minecraft:chest":9,"minecraft:golden_boots":1,"minecraft:smoker":3,"minecraft:wooden_shovel":1,"minecraft:cooked_porkchop":21,"minecraft:crafting_table":12,"minecraft:jungle_boat":2,"minecraft:iron_helmet":5,"minecraft:wooden_pickaxe":1,"minecraft:baked_potato":94,"minecraft:birch_planks":28,"minecraft:iron_chestplate":6,"minecraft:book":58,"minecraft:paper":195,"minecraft:diamond_pickaxe":6,"minecraft:shield":4,"minecraft:stone_slab":6,"minecraft:stick":144,"minecraft:iron_ingot":259,"minecraft:iron_pickaxe":12,"minecraft:stone_sword":1,"minecraft:gold_ingot":49,"minecraft:smooth_stone_slab":6,"minecraft:furnace":6,"minecraft:blast_furnace":3,"minecraft:bone_meal":60,"minecraft:iron_axe":6,"minecraft:iron_hoe":1,"minecraft:stone_pickaxe":2,"minecraft:golden_helmet":2,"minecraft:wheat":288,"minecraft:cooked_beef":67,"minecraft:sugar":32,"minecraft:crimson_planks":28,"minecraft:diamond_sword":2,"minecraft:enchanting_table":1,"minecraft:iron_sword":8,"minecraft:bucket":8,"minecraft:stone_axe":1,"minecraft:bread":105,"minecraft:air":0,"minecraft:jungle_planks":784,"minecraft:jungle_door":3,"minecraft:iron_shovel":1,"minecraft:iron_leggings":5,"minecraft:white_bed":2,"minecraft:torch":272}},"DataVersion":3700}