{"stats":{"minecraft:used":{"minecraft:iron_shovel":274,"minecraft:chest":9,"minecraft:shield":102,"minecraft:iron_sword":1302,"minecraft:rotten_flesh":39,"minecraft:iron_chestplate":2,"minecraft:jungle_planks":408,"minecraft:tuff":12,"minecraft:axolotl_bucket":1,"minecraft:jungle_sapling":1,"minecraft:lava_bucket":1,"minecraft:grass_block":1,"minecraft:iron_helmet":1,"minecraft:furnace":16,"minecraft:oak_sapling":1,"minecraft:beetroot_seeds":4,"minecraft:egg":18,"minecraft:potato":79,"minecraft:stone_pickaxe":80,"minecraft:oak_planks":11,"minecraft:ender_pearl":1,"minecraft:wooden_pickaxe":18,"minecraft:sugar_cane":88,"minecraft:jungle_boat":3,"minecraft:white_wool":4,"minecraft:glow_berries":11,"minecraft:golden_hoe":48,"minecraft:blast_furnace":3,"minecraft:dripstone_block":3,"minecraft:cyan_bed":1,"minecraft:bread":5,"minecraft:melon_slice":84,"minecraft:golden_helmet":1,"minecraft:nether_wart_block":2,"minecraft:andesite":6,"minecraft:oak_boat":3,"minecraft:bone_meal":60,"minecraft:enchanting_table":1,"minecraft:stone_sword":141,"minecraft:flint_and_steel":2,"minecraft:tropical_fish":1,"minecraft:wooden_shovel":13,"minecraft:cooked_chicken":44,"minecraft:netherrack":211,"minecraft:torch":250,"minecraft:dirt":254,"minecraft:granite":5,"minecraft:iron_hoe":79,"minecraft:bookshelf":30,"minecraft:iron_axe":455,"minecraft:jungle_log":1,"minecraft:iron_boots":2,"minecraft:crimson_planks":27,"minecraft:melon_seeds":33,"minecraft:cooked_beef":39,"minecraft:cobbled_deepslate":148,"minecraft:iron_leggings":1,"minecraft:pointed_dripstone":3,"minecraft:wheat_seeds":23,"minecraft:cooked_mutton":64,"minecraft:water_bucket":98,"minecraft:birch_planks":5,"minecraft:baked_potato":4,"minecraft:crafting_table":21,"minecraft:white_bed":8,"minecraft:smoker":3,"minecraft:diamond_pickaxe":454,"minecraft:iron_pickaxe":1823,"minecraft:stone_axe":65,"minecraft:cobblestone":298,"minecraft:cooked_porkchop":5,"minecraft:porkchop":2,"minecraft:jungle_door":1,"minecraft:bucket":107,"minecraft:smooth_stone":2},"minecraft:picked_up":{"minecraft:iron_chestplate":1,"minecraft:wheat":1,"minecraft:lead":2,"minecraft:string":44,"minecraft:iron_leggings":1,"minecraft:beetroot":5,"minecraft:smooth_stone":3,"minecraft:gold_nugget":68,"minecraft:cobbled_deepslate":164,"minecraft:azalea":3,"minecraft:iron_pickaxe":2,"minecraft:melon_slice":235,"minecraft:iron_boots":1,"minecraft:furnace":21,"minecraft:stick":7,"minecraft:torch":6,"minecraft:porkchop":70,"minecraft:diorite":7,"minecraft:pointed_dripstone":59,"minecraft:rotten_flesh":98,"minecraft:tropical_fish":3,"minecraft:obsidian":4,"minecraft:cobblestone":395,"minecraft:birch_log":7,"minecraft:magma_block":4,"minecraft:feather":44,"minecraft:cooked_beef":2,"minecraft:water_bucket":1,"minecraft:andesite":29,"minecraft:jungle_log":206,"minecraft:brown_wool":3,"minecraft:potato":107,"minecraft:tuff":13,"minecraft:dirt":439,"minecraft:lapis_lazuli":439,"minecraft:bone":53,"minecraft:acacia_planks":1,"minecraft:bow":2,"minecraft:wheat_seeds":87,"minecraft:raw_gold":63,"minecraft:rabbit":1,"minecraft:bamboo":28,"minecraft:moss_block":15,"minecraft:oak_planks":3,"minecraft:cooked_porkchop":12,"minecraft:jungle_planks":116,"minecraft:poisonous_potato":2,"minecraft:sand":5,"minecraft:ink_sac":4,"minecraft:grass_block":3,"minecraft:cyan_bed":2,"minecraft:sugar":2,"minecraft:diamond":74,"minecraft:granite":13,"minecraft:bone_meal":1,"minecraft:golden_apple":1,"minecraft:emerald":2,"minecraft:oak_sapling":7,"minecraft:netherrack":318,"minecraft:diamond_pickaxe":1,"minecraft:cocoa_beans":47,"minecraft:crafting_table":14,"minecraft:chicken":60,"minecraft:clay_ball":12,"minecraft:shield":1,"minecraft:cornflower":1,"minecraft:moss_carpet":3,"minecraft:iron_axe":1,"minecraft:flint_and_steel":1,"minecraft:beef":102,"minecraft:oak_boat":3,"minecraft:jungle_sapling":4,"minecraft:iron_nugget":11,"minecraft:light_gray_wool":1,"minecraft:sugar_cane":348,"minecraft:egg":25,"minecraft:raw_iron":415,"minecraft:fire_charge":1,"minecraft:redstone":37,"minecraft:weeping_vines":4,"minecraft:arrow":57,"minecraft:beetroot_seeds":14,"minecraft:golden_hoe":1,"minecraft:hay_block":32,"minecraft:saddle":1,"minecraft:glow_berries":14,"minecraft:mutton":92,"minecraft:white_wool":46,"minecraft:oxeye_daisy":1,"minecraft:jungle_boat":2,"minecraft:crimson_stem":26,"minecraft:glow_ink_sac":10,"minecraft:salmon":1,"minecraft:leather":73,"minecraft:oak_log":12,"minecraft:nether_wart_block":3,"minecraft:golden_boots":1,"minecraft:gunpowder":14,"minecraft:cooked_mutton":6,"minecraft:apple":2,"minecraft:iron_ingot":65,"minecraft:cooked_chicken":18,"minecraft:iron_sword":1,"minecraft:book":36,"minecraft:pumpkin":2,"minecraft:quartz":410,"minecraft:dandelion":6,"minecraft:dripstone_block":10,"minecraft:gravel":1,"minecraft:white_bed":6,"minecraft:spider_eye":6,"minecraft:iron_helmet":1,"minecraft:gray_wool":1,"minecraft:black_wool":7,"minecraft:melon_seeds":50,"minecraft:coal":573,"minecraft:ender_pearl":3},"minecraft:crafted":{"minecraft:smooth_stone":19,"minecraft:oak_planks":36,"minecraft:cooked_chicken":40,"minecraft:stone":48,"minecraft:bookshelf":30,"minecraft:cooked_mutton":72,"minecraft:quartz_block":89,"minecraft:iron_boots":3,"minecraft:melon_seeds":33,"minecraft:chest":9,"minecraft:smoker":3,"minecraft:wooden_shovel":1,"minecraft:cooked_porkchop":17,"minecraft:crafting_table":10,"minecraft:jungle_boat":2,"minecraft:baked_potato":28,"minecraft:wooden_pickaxe":1,"minecraft:iron_helmet":2,"minecraft:birch_planks":28,"minecraft:book":58,"minecraft:iron_chestplate":3,"minecraft:paper":195,"minecraft:diamond_pickaxe":3,"minecraft:shield":3,"minecraft:stick":128,"minecraft:iron_ingot":227,"minecraft:iron_pickaxe":11,"minecraft:stone_sword":1,"minecraft:gold_ingot":13,"minecraft:furnace":5,"minecraft:blast_furnace":3,"minecraft:bone_meal":60,"minecraft:iron_axe":5,"minecraft:iron_hoe":1,"minecraft:stone_pickaxe":1,"minecraft:golden_helmet":1,"minecraft:cooked_beef":67,"minecraft:sugar":32,"minecraft:crimson_planks":28,"minecraft:enchanting_table":1,"minecraft:iron_sword":7,"minecraft:bucket":8,"minecraft:stone_axe":1,"minecraft:air":0,"minecraft:jungle_planks":716,"minecraft:jungle_door":3,"minecraft:iron_shovel":1,"minecraft:iron_leggings":3,"minecraft:white_bed":2,"minecraft:torch":272},"minecraft:killed":{"minecraft:witch":1,"minecraft:spider":29,"minecraft:skeleton":48,"minecraft:chicken":45,"minecraft:piglin":2,"minecraft:pig":24,"minecraft:zombie_villager":2,"minecraft:salmon":1,"minecraft:creeper":3,"minecraft:sheep":47,"minecraft:trader_llama":2,"minecraft:zombie":87,"minecraft:donkey":1,"minecraft:ghast":1,"minecraft:cow":41,"minecraft:horse":8,"minecraft:husk":7,"minecraft:wandering_trader":1,"minecraft:hoglin":1,"minecraft:enderman":5},"minecraft:custom":{"minecraft:animals_bred":2,"minecraft:interact_with_crafting_table":110,"minecraft:leave_game":12,"minecraft:time_since_death":113338,"minecraft:sprint_one_cm":2259385,"minecraft:damage_blocked_by_shield":4889,"minecraft:drop":88,"minecraft:talked_to_villager":278,"minecraft:play_time":689548,"minecraft:deaths":3,"minecraft:jump":16599,"minecraft:walk_on_water_one_cm":134436,"minecraft:enchant_item":2,"minecraft:interact_with_furnace":206,"minecraft:interact_with_cartography_table":1,"minecraft:sleep_in_bed":21,"minecraft:damage_dealt":51207,"minecraft:crouch_one_cm":65103,"minecraft:interact_with_smoker":17,"minecraft:horse_one_cm":285,"minecraft:mob_kills":363,"minecraft:climb_one_cm":42137,"minecraft:walk_one_cm":1131722,"minecraft:sneak_time":23418,"minecraft:walk_under_water_one_cm":90994,"minecraft:boat_one_cm":266751,"minecraft:interact_with_blast_furnace":43,"minecraft:total_world_time":689548,"minecraft:time_since_rest":113499,"minecraft:damage_taken":10708,"minecraft:swim_one_cm":282997,"minecraft:fly_one_cm":3349255,"minecraft:open_chest":310,"minecraft:fall_one_cm":453801},"minecraft:mined":{"minecraft:attached_melon_stem":9,"minecraft:white_bed":6,"minecraft:oak_sapling":1,"minecraft:farmland":1,"minecraft:jungle_leaves":31,"minecraft:obsidian":4,"minecraft:cave_vines_plant":11,"minecraft:granite":13,"minecraft:grass_block":302,"minecraft:jungle_log":204,"minecraft:smooth_stone":2,"minecraft:weeping_vines_plant":2,"minecraft:magma_block":10,"minecraft:iron_ore":149,"minecraft:cobbled_deepslate":6,"minecraft:fire":69,"minecraft:pumpkin":1,"minecraft:deepslate_lapis_ore":40,"minecraft:pointed_dripstone":34,"minecraft:cave_vines":16,"minecraft:flowering_azalea_leaves":1,"minecraft:deepslate_redstone_ore":3,"minecraft:melon_stem":2,"minecraft:crimson_nylium":6,"minecraft:clay":3,"minecraft:torch":2,"minecraft:melon":43,"minecraft:nether_quartz_ore":422,"minecraft:cobblestone":7,"minecraft:cyan_bed":2,"minecraft:sugar_cane":259,"minecraft:oak_planks":3,"minecraft:wall_torch":1,"minecraft:seagrass":2,"minecraft:birch_log":5,"minecraft:nether_wart_block":3,"minecraft:wheat":1,"minecraft:oak_log":10,"minecraft:beetroots":5,"minecraft:sand":6,"minecraft:dirt":106,"minecraft:netherrack":335,"minecraft:oak_leaves":27,"minecraft:deepslate":152,"minecraft:nether_gold_ore":18,"minecraft:diamond_ore":3,"minecraft:tuff":14,"minecraft:deepslate_diamond_ore":72,"minecraft:jungle_planks":58,"minecraft:spruce_leaves":3,"minecraft:moss_block":6,"minecraft:crimson_stem":26,"minecraft:hay_block":33,"minecraft:redstone_ore":5,"minecraft:furnace":21,"minecraft:andesite":22,"minecraft:bookshelf":12,"minecraft:potatoes":31,"minecraft:deepslate_iron_ore":206,"minecraft:vine":44,"minecraft:bamboo":5,"minecraft:stone":377,"minecraft:dandelion":3,"minecraft:crafting_table":14,"minecraft:short_grass":460,"minecraft:emerald_ore":2,"minecraft:tall_grass":13,"minecraft:lapis_ore":28,"minecraft:deepslate_gold_ore":56,"minecraft:diorite":8,"minecraft:birch_leaves":3,"minecraft:coal_ore":288,"minecraft:cocoa":6,"minecraft:gravel":1,"minecraft:dripstone_block":10,"minecraft:gold_ore":8,"minecraft:fern":71},"minecraft:broken":{"minecraft:golden_helmet":1,"minecraft:iron_shovel":1,"minecraft:iron_boots":1,"minecraft:iron_sword":3,"minecraft:iron_axe":1,"minecraft:iron_pickaxe":5,"minecraft:iron_helmet":1},"minecraft:dropped":{"minecraft:cooked_beef":10,"minecraft:diamond":40,"minecraft:jungle_planks":15,"minecraft:saddle":1,"minecraft:dirt":46,"minecraft:cornflower":1,"minecraft:axolotl_bucket":1,"minecraft:iron_pickaxe":1,"minecraft:bone":5,"minecraft:stone_axe":1,"minecraft:cooked_chicken":16,"minecraft:cobbled_deepslate":16,"minecraft:rotten_flesh":4,"minecraft:gunpowder":2,"minecraft:jungle_log":2,"minecraft:bread":1,"minecraft:wheat_seeds":18,"minecraft:poisonous_potato":2,"minecraft:feather":5,"minecraft:cobblestone":37,"minecraft:granite":4,"minecraft:grass_block":1,"minecraft:stick":2,"minecraft:oxeye_daisy":1,"minecraft:ink_sac":1,"minecraft:torch":1,"minecraft:brown_wool":1,"minecraft:jungle_door":2,"minecraft:string":4,"minecraft:acacia_planks":1,"minecraft:dandelion":3,"minecraft:chicken":1,"minecraft:light_gray_wool":1,"minecraft:diamond_pickaxe":2,"minecraft:andesite":15,"minecraft:oak_sapling":1,"minecraft:spider_eye":5,"minecraft:bamboo":6,"minecraft:stone_pickaxe":1,"minecraft:wooden_pickaxe":1,"minecraft:black_wool":2},"minecraft:killed_by":{"minecraft:zombie":1}},"DataVersion":3700}