{"stats":{"minecraft:killed_by":{"minecraft:zombie_villager":1,"minecraft:skeleton":1},"minecraft:crafted":{"minecraft:oak_door":3,"minecraft:grindstone":1,"minecraft:smooth_stone":12,"minecraft:oak_planks":1412,"minecraft:smooth_stone_slab":6,"minecraft:cooked_chicken":12,"minecraft:furnace":3,"minecraft:stone":20,"minecraft:bone_meal":63,"minecraft:bookshelf":29,"minecraft:cooked_mutton":33,"minecraft:bow":2,"minecraft:iron_boots":2,"minecraft:iron_axe":3,"minecraft:stone_pickaxe":2,"minecraft:chest":4,"minecraft:oak_button":1,"minecraft:wheat":45,"minecraft:cooked_beef":96,"minecraft:crossbow":20,"minecraft:diamond_sword":1,"minecraft:emerald":44,"minecraft:cooked_porkchop":69,"minecraft:crafting_table":6,"minecraft:enchanting_table":1,"minecraft:wooden_pickaxe":2,"minecraft:iron_helmet":2,"minecraft:iron_sword":2,"minecraft:bucket":2,"minecraft:bread":3,"minecraft:air":0,"minecraft:oak_boat":20,"minecraft:wooden_hoe":1,"minecraft:iron_chestplate":2,"minecraft:book":85,"minecraft:paper":258,"minecraft:diamond_pickaxe":1,"minecraft:shield":1,"minecraft:stick":1888,"minecraft:stone_slab":6,"minecraft:iron_ingot":190,"minecraft:iron_pickaxe":3,"minecraft:stone_sword":1,"minecraft:iron_shovel":5,"minecraft:iron_leggings":1,"minecraft:white_bed":1},"minecraft:broken":{"minecraft:iron_shovel":4,"minecraft:leather_leggings":1,"minecraft:iron_boots":1,"minecraft:iron_chestplate":1,"minecraft:shield":1,"minecraft:iron_axe":3,"minecraft:iron_sword":1,"minecraft:iron_pickaxe":2,"minecraft:iron_helmet":1},"minecraft:dropped":{"minecraft:iron_sword":1,"minecraft:wheat_seeds":108,"minecraft:lapis_lazuli":64,"minecraft:diamond":31,"minecraft:cobblestone":4,"minecraft:granite":1,"minecraft:coal":13,"minecraft:flint":2,"minecraft:dirt":297,"minecraft:diorite":2,"minecraft:wooden_hoe":2,"minecraft:oak_stairs":2,"minecraft:flowering_azalea":1,"minecraft:string":6,"minecraft:white_wool":1,"minecraft:dandelion":6,"minecraft:stone_sword":1,"minecraft:cobbled_deepslate":1,"minecraft:raw_iron":90,"minecraft:chicken":2,"minecraft:rotten_flesh":34,"minecraft:cooked_mutton":4,"minecraft:azure_bluet":1,"minecraft:carrot":3,"minecraft:shield":1,"minecraft:gunpowder":2,"minecraft:oak_button":1,"minecraft:andesite":4,"minecraft:beetroot_seeds":6,"minecraft:azalea":1,"minecraft:oak_boat":19,"minecraft:oak_sapling":2,"minecraft:spider_eye":4,"minecraft:arrow":12,"minecraft:stone_pickaxe":2,"minecraft:wooden_pickaxe":2,"minecraft:egg":2},"minecraft:killed":{"minecraft:witch":2,"minecraft:spider":18,"minecraft:skeleton":25,"minecraft:horse":10,"minecraft:chicken":23,"minecraft:turtle":1,"minecraft:pig":30,"minecraft:zombie_villager":1,"minecraft:wandering_trader":1,"minecraft:creeper":3,"minecraft:sheep":27,"minecraft:trader_llama":2,"minecraft:zombie":50,"minecraft:donkey":1,"minecraft:cow":57},"minecraft:picked_up":{"minecraft:crafting_table":5,"minecraft:wheat":128,"minecraft:azure_bluet":1,"minecraft:chicken":24,"minecraft:lead":2,"minecraft:wooden_pickaxe":2,"minecraft:oak_stairs":4,"minecraft:brewing_stand":2,"minecraft:shield":1,"minecraft:string":23,"minecraft:white_carpet":1,"minecraft:beetroot":10,"minecraft:cartography_table":1,"minecraft:cobbled_deepslate":71,"minecraft:beef":111,"minecraft:oak_boat":3,"minecraft:azalea":1,"minecraft:poppy":2,"minecraft:sugar_cane":436,"minecraft:furnace":5,"minecraft:egg":8,"minecraft:stick":20,"minecraft:raw_iron":316,"minecraft:sandstone":1,"minecraft:composter":4,"minecraft:oak_fence":1,"minecraft:torch":6,"minecraft:porkchop":69,"minecraft:diorite":12,"minecraft:carrot":109,"minecraft:redstone":121,"minecraft:cauldron":1,"minecraft:arrow":30,"minecraft:rotten_flesh":56,"minecraft:beetroot_seeds":29,"minecraft:hay_block":5,"minecraft:obsidian":9,"minecraft:mutton":39,"minecraft:white_wool":23,"minecraft:cobblestone":164,"minecraft:stripped_oak_log":48,"minecraft:magma_block":3,"minecraft:feather":25,"minecraft:glow_ink_sac":2,"minecraft:andesite":16,"minecraft:brown_wool":3,"minecraft:leather":75,"minecraft:potato":77,"minecraft:flint":2,"minecraft:tuff":3,"minecraft:oak_log":308,"minecraft:yellow_bed":3,"minecraft:gunpowder":2,"minecraft:cobblestone_stairs":1,"minecraft:wooden_hoe":1,"minecraft:lapis_lazuli":294,"minecraft:dirt":1402,"minecraft:bone":33,"minecraft:apple":3,"minecraft:bow":1,"minecraft:stonecutter":1,"minecraft:wheat_seeds":357,"minecraft:raw_gold":16,"minecraft:stone_pickaxe":2,"minecraft:iron_ingot":32,"minecraft:flowering_azalea":1,"minecraft:iron_sword":1,"minecraft:oak_planks":8,"minecraft:book":3,"minecraft:gravel":2,"minecraft:dandelion":6,"minecraft:poisonous_potato":1,"minecraft:sand":19,"minecraft:blast_furnace":2,"minecraft:ink_sac":3,"minecraft:white_bed":5,"minecraft:spider_eye":6,"minecraft:mossy_cobblestone":2,"minecraft:sugar":2,"minecraft:diamond":73,"minecraft:granite":16,"minecraft:oak_sapling":20,"minecraft:coal":179},"minecraft:custom":{"minecraft:mob_kills":265,"minecraft:animals_bred":27,"minecraft:interact_with_crafting_table":83,"minecraft:leave_game":5,"minecraft:time_since_death":376488,"minecraft:climb_one_cm":71437,"minecraft:sprint_one_cm":1579163,"minecraft:walk_one_cm":587864,"minecraft:damage_blocked_by_shield":3280,"minecraft:drop":122,"minecraft:talked_to_villager":94,"minecraft:play_time":394992,"minecraft:sneak_time":16668,"minecraft:deaths":2,"minecraft:walk_under_water_one_cm":36711,"minecraft:jump":10629,"minecraft:enchant_item":2,"minecraft:walk_on_water_one_cm":57238,"minecraft:total_world_time":394992,"minecraft:interact_with_furnace":114,"minecraft:traded_with_villager":66,"minecraft:interact_with_grindstone":1,"minecraft:sleep_in_bed":10,"minecraft:time_since_rest":26866,"minecraft:damage_taken":7117,"minecraft:damage_dealt":34287,"minecraft:swim_one_cm":109912,"minecraft:fly_one_cm":2329636,"minecraft:open_chest":195,"minecraft:crouch_one_cm":45698,"minecraft:fall_one_cm":259490,"minecraft:horse_one_cm":6983},"minecraft:used":{"minecraft:oak_fence":1,"minecraft:stone_sword":1,"minecraft:enchanting_table":1,"minecraft:iron_shovel":1145,"minecraft:chest":4,"minecraft:shield":78,"minecraft:iron_sword":552,"minecraft:cooked_chicken":8,"minecraft:rotten_flesh":3,"minecraft:iron_chestplate":2,"minecraft:oak_door":1,"minecraft:torch":3,"minecraft:dirt":225,"minecraft:white_carpet":1,"minecraft:carrot":11,"minecraft:tuff":1,"minecraft:axolotl_bucket":1,"minecraft:granite":14,"minecraft:bookshelf":28,"minecraft:iron_axe":573,"minecraft:oak_stairs":2,"minecraft:iron_helmet":2,"minecraft:iron_boots":2,"minecraft:magma_block":2,"minecraft:beef":1,"minecraft:oak_sapling":16,"minecraft:furnace":7,"minecraft:egg":2,"minecraft:potato":7,"minecraft:cooked_beef":59,"minecraft:cobbled_deepslate":50,"minecraft:iron_leggings":1,"minecraft:wheat_seeds":220,"minecraft:cooked_mutton":19,"minecraft:water_bucket":61,"minecraft:diorite":10,"minecraft:oak_planks":22,"minecraft:stone_pickaxe":88,"minecraft:wooden_pickaxe":41,"minecraft:sandstone":1,"minecraft:sugar_cane":80,"minecraft:mossy_cobblestone":2,"minecraft:blast_furnace":2,"minecraft:crafting_table":10,"minecraft:white_bed":6,"minecraft:wooden_hoe":29,"minecraft:diamond_pickaxe":198,"minecraft:iron_pickaxe":497,"minecraft:string":2,"minecraft:bread":21,"minecraft:stone_slab":5,"minecraft:diamond_sword":16,"minecraft:cobblestone":116,"minecraft:grindstone":1,"minecraft:cooked_porkchop":15,"minecraft:andesite":9,"minecraft:bucket":64,"minecraft:yellow_bed":3,"minecraft:bone_meal":63},"minecraft:mined":{"minecraft:tuff":2,"minecraft:white_bed":5,"minecraft:mossy_cobblestone":2,"minecraft:deepslate_diamond_ore":43,"minecraft:cobblestone_stairs":1,"minecraft:brewing_stand":2,"minecraft:obsidian":9,"minecraft:granite":14,"minecraft:grass_block":634,"minecraft:composter":4,"minecraft:cartography_table":1,"minecraft:sandstone":1,"minecraft:hay_block":5,"minecraft:magma_block":3,"minecraft:furnace":5,"minecraft:carrots":34,"minecraft:iron_ore":114,"minecraft:cobbled_deepslate":1,"minecraft:andesite":14,"minecraft:deepslate_lapis_ore":30,"minecraft:azure_bluet":1,"minecraft:bookshelf":1,"minecraft:potatoes":23,"minecraft:dirt_path":4,"minecraft:deepslate_iron_ore":95,"minecraft:water_cauldron":1,"minecraft:stripped_oak_log":48,"minecraft:azalea":1,"minecraft:stone":166,"minecraft:deepslate_redstone_ore":27,"minecraft:flowering_azalea":1,"minecraft:dandelion":6,"minecraft:oak_fence":1,"minecraft:crafting_table":5,"minecraft:short_grass":125,"minecraft:blast_furnace":2,"minecraft:tall_grass":27,"minecraft:cobblestone":10,"minecraft:deepslate_gold_ore":17,"minecraft:lapis_ore":5,"minecraft:oak_planks":5,"minecraft:sugar_cane":212,"minecraft:diorite":11,"minecraft:wall_torch":3,"minecraft:wheat":137,"minecraft:white_carpet":1,"minecraft:yellow_bed":3,"minecraft:oak_log":311,"minecraft:coal_ore":150,"minecraft:beetroots":11,"minecraft:gravel":12,"minecraft:dirt":477,"minecraft:sand":20,"minecraft:stonecutter":2,"minecraft:oak_leaves":19,"minecraft:deepslate":53}},"DataVersion":3700}