{"stats":{"minecraft:used":{"minecraft:stone_sword":141,"minecraft:iron_shovel":274,"minecraft:chest":7,"minecraft:shield":37,"minecraft:iron_sword":600,"minecraft:rotten_flesh":23,"minecraft:cooked_chicken":29,"minecraft:iron_chestplate":1,"minecraft:torch":211,"minecraft:dirt":102,"minecraft:jungle_planks":286,"minecraft:granite":1,"minecraft:jungle_sapling":1,"minecraft:iron_axe":183,"minecraft:jungle_log":1,"minecraft:iron_helmet":1,"minecraft:iron_boots":1,"minecraft:melon_seeds":33,"minecraft:furnace":13,"minecraft:oak_sapling":1,"minecraft:egg":6,"minecraft:cooked_beef":1,"minecraft:cobbled_deepslate":26,"minecraft:cooked_mutton":8,"minecraft:water_bucket":22,"minecraft:stone_pickaxe":80,"minecraft:oak_planks":3,"minecraft:wooden_pickaxe":18,"minecraft:golden_hoe":36,"minecraft:crafting_table":9,"minecraft:white_bed":4,"minecraft:melon_slice":48,"minecraft:iron_pickaxe":467,"minecraft:stone_axe":65,"minecraft:cobblestone":142,"minecraft:jungle_door":1,"minecraft:bucket":23},"minecraft:picked_up":{"minecraft:cocoa_beans":44,"minecraft:crafting_table":6,"minecraft:chicken":41,"minecraft:lead":2,"minecraft:cornflower":1,"minecraft:string":21,"minecraft:cobbled_deepslate":42,"minecraft:beef":46,"minecraft:jungle_sapling":1,"minecraft:melon_slice":138,"minecraft:sugar_cane":17,"minecraft:egg":11,"minecraft:furnace":13,"minecraft:raw_iron":114,"minecraft:stick":5,"minecraft:torch":5,"minecraft:porkchop":29,"minecraft:rotten_flesh":37,"minecraft:arrow":12,"minecraft:mutton":31,"minecraft:white_wool":15,"minecraft:cobblestone":205,"minecraft:oxeye_daisy":1,"minecraft:feather":32,"minecraft:cooked_beef":2,"minecraft:glow_ink_sac":4,"minecraft:jungle_log":103,"minecraft:andesite":16,"minecraft:brown_wool":1,"minecraft:leather":33,"minecraft:oak_log":6,"minecraft:gunpowder":5,"minecraft:lapis_lazuli":112,"minecraft:dirt":283,"minecraft:bone":10,"minecraft:acacia_planks":1,"minecraft:apple":1,"minecraft:bow":1,"minecraft:wheat_seeds":57,"minecraft:raw_gold":12,"minecraft:iron_ingot":65,"minecraft:cooked_chicken":18,"minecraft:bamboo":9,"minecraft:oak_planks":3,"minecraft:cooked_porkchop":12,"minecraft:pumpkin":1,"minecraft:dandelion":3,"minecraft:jungle_planks":56,"minecraft:white_bed":2,"minecraft:grass_block":1,"minecraft:spider_eye":5,"minecraft:sugar":2,"minecraft:diamond":43,"minecraft:granite":5,"minecraft:gray_wool":1,"minecraft:oak_sapling":4,"minecraft:black_wool":3,"minecraft:coal":143},"minecraft:crafted":{"minecraft:oak_planks":24,"minecraft:cooked_chicken":22,"minecraft:furnace":3,"minecraft:cooked_mutton":14,"minecraft:iron_boots":1,"minecraft:iron_axe":2,"minecraft:melon_seeds":33,"minecraft:stone_pickaxe":1,"minecraft:chest":7,"minecraft:cooked_beef":9,"minecraft:crafting_table":4,"minecraft:wooden_pickaxe":1,"minecraft:iron_helmet":1,"minecraft:iron_sword":3,"minecraft:bucket":2,"minecraft:stone_axe":1,"minecraft:air":0,"minecraft:jungle_planks":384,"minecraft:jungle_door":3,"minecraft:iron_chestplate":1,"minecraft:shield":1,"minecraft:stick":76,"minecraft:iron_ingot":64,"minecraft:iron_pickaxe":4,"minecraft:stone_sword":1,"minecraft:iron_shovel":1,"minecraft:iron_leggings":1,"minecraft:white_bed":2,"minecraft:torch":216},"minecraft:killed":{"minecraft:witch":1,"minecraft:spider":17,"minecraft:skeleton":12,"minecraft:chicken":40,"minecraft:pig":15,"minecraft:zombie_villager":1,"minecraft:wandering_trader":1,"minecraft:creeper":1,"minecraft:sheep":20,"minecraft:trader_llama":2,"minecraft:zombie":44,"minecraft:enderman":1,"minecraft:cow":23},"minecraft:custom":{"minecraft:mob_kills":180,"minecraft:animals_bred":2,"minecraft:interact_with_crafting_table":33,"minecraft:leave_game":2,"minecraft:time_since_death":219496,"minecraft:climb_one_cm":4653,"minecraft:sprint_one_cm":626959,"minecraft:walk_one_cm":447364,"minecraft:damage_blocked_by_shield":1442,"minecraft:drop":46,"minecraft:talked_to_villager":2,"minecraft:play_time":219496,"minecraft:sneak_time":8263,"minecraft:walk_under_water_one_cm":5133,"minecraft:jump":4764,"minecraft:walk_on_water_one_cm":11728,"minecraft:total_world_time":219496,"minecraft:interact_with_furnace":60,"minecraft:sleep_in_bed":8,"minecraft:time_since_rest":114956,"minecraft:damage_taken":2417,"minecraft:damage_dealt":21817,"minecraft:swim_one_cm":21542,"minecraft:fly_one_cm":1045974,"minecraft:open_chest":61,"minecraft:crouch_one_cm":25758,"minecraft:fall_one_cm":134492},"minecraft:mined":{"minecraft:diamond_ore":3,"minecraft:white_bed":2,"minecraft:oak_sapling":1,"minecraft:deepslate_diamond_ore":41,"minecraft:jungle_leaves":7,"minecraft:granite":5,"minecraft:grass_block":226,"minecraft:jungle_planks":41,"minecraft:jungle_log":98,"minecraft:furnace":13,"minecraft:cobbled_deepslate":6,"minecraft:iron_ore":75,"minecraft:fire":45,"minecraft:andesite":16,"minecraft:pumpkin":1,"minecraft:deepslate_lapis_ore":12,"minecraft:deepslate_iron_ore":32,"minecraft:vine":23,"minecraft:bamboo":1,"minecraft:stone":201,"minecraft:crafting_table":6,"minecraft:torch":2,"minecraft:short_grass":377,"minecraft:melon":28,"minecraft:tall_grass":7,"minecraft:cobblestone":4,"minecraft:deepslate_gold_ore":12,"minecraft:lapis_ore":5,"minecraft:sugar_cane":6,"minecraft:oak_planks":3,"minecraft:wall_torch":1,"minecraft:oak_log":6,"minecraft:coal_ore":95,"minecraft:cocoa":6,"minecraft:dirt":56,"minecraft:oak_leaves":17,"minecraft:deepslate":28,"minecraft:fern":64},"minecraft:broken":{"minecraft:iron_shovel":1,"minecraft:iron_sword":1,"minecraft:iron_pickaxe":1},"minecraft:dropped":{"minecraft:wheat_seeds":13,"minecraft:cooked_beef":10,"minecraft:diamond":40,"minecraft:feather":5,"minecraft:cobblestone":37,"minecraft:granite":4,"minecraft:jungle_planks":15,"minecraft:stick":2,"minecraft:oxeye_daisy":1,"minecraft:dirt":30,"minecraft:torch":1,"minecraft:cornflower":1,"minecraft:jungle_door":2,"minecraft:string":2,"minecraft:acacia_planks":1,"minecraft:dandelion":3,"minecraft:bone":5,"minecraft:stone_axe":1,"minecraft:cooked_chicken":16,"minecraft:cobbled_deepslate":16,"minecraft:chicken":1,"minecraft:andesite":15,"minecraft:jungle_log":2,"minecraft:oak_sapling":1,"minecraft:spider_eye":5,"minecraft:stone_pickaxe":1,"minecraft:wooden_pickaxe":1}},"DataVersion":3700}