{"stats":{"minecraft:killed":{"minecraft:pig":5,"minecraft:witch":1,"minecraft:spider":4,"minecraft:wandering_trader":1,"minecraft:skeleton":3,"minecraft:sheep":8,"minecraft:trader_llama":2,"minecraft:zombie":14,"minecraft:chicken":26,"minecraft:cow":10},"minecraft:picked_up":{"minecraft:cocoa_beans":44,"minecraft:crafting_table":5,"minecraft:feather":21,"minecraft:cooked_beef":2,"minecraft:chicken":26,"minecraft:andesite":1,"minecraft:jungle_log":101,"minecraft:leather":19,"minecraft:lead":2,"minecraft:oak_log":6,"minecraft:dirt":273,"minecraft:lapis_lazuli":35,"minecraft:cornflower":1,"minecraft:string":6,"minecraft:bone":3,"minecraft:acacia_planks":1,"minecraft:apple":1,"minecraft:wheat_seeds":34,"minecraft:iron_ingot":65,"minecraft:beef":21,"minecraft:cooked_chicken":16,"minecraft:jungle_sapling":1,"minecraft:melon_slice":66,"minecraft:oak_planks":3,"minecraft:furnace":10,"minecraft:egg":11,"minecraft:stick":5,"minecraft:raw_iron":56,"minecraft:cooked_porkchop":12,"minecraft:torch":3,"minecraft:dandelion":3,"minecraft:porkchop":9,"minecraft:jungle_planks":50,"minecraft:white_bed":2,"minecraft:arrow":2,"minecraft:sugar":2,"minecraft:rotten_flesh":13,"minecraft:diamond":3,"minecraft:granite":5,"minecraft:gray_wool":1,"minecraft:oak_sapling":4,"minecraft:black_wool":1,"minecraft:mutton":14,"minecraft:coal":84,"minecraft:white_wool":6,"minecraft:cobblestone":158,"minecraft:oxeye_daisy":1},"minecraft:crafted":{"minecraft:cooked_beef":9,"minecraft:oak_planks":24,"minecraft:crafting_table":4,"minecraft:iron_helmet":1,"minecraft:wooden_pickaxe":1,"minecraft:cooked_chicken":16,"minecraft:iron_sword":2,"minecraft:furnace":2,"minecraft:bucket":2,"minecraft:stone_axe":1,"minecraft:cooked_mutton":14,"minecraft:air":0,"minecraft:jungle_planks":384,"minecraft:jungle_door":3,"minecraft:iron_boots":1,"minecraft:iron_chestplate":1,"minecraft:shield":1,"minecraft:iron_axe":2,"minecraft:melon_seeds":32,"minecraft:stick":32,"minecraft:iron_ingot":34,"minecraft:iron_pickaxe":2,"minecraft:stone_pickaxe":1,"minecraft:stone_sword":1,"minecraft:iron_leggings":1,"minecraft:chest":7,"minecraft:iron_shovel":1,"minecraft:white_bed":2,"minecraft:torch":64},"minecraft:dropped":{"minecraft:stone_axe":1,"minecraft:wheat_seeds":10,"minecraft:cooked_chicken":16,"minecraft:cooked_beef":10,"minecraft:chicken":1,"minecraft:feather":1,"minecraft:jungle_planks":14,"minecraft:stick":2,"minecraft:oxeye_daisy":1,"minecraft:cornflower":1,"minecraft:acacia_planks":1,"minecraft:dandelion":3},"minecraft:used":{"minecraft:cooked_mutton":8,"minecraft:stone_sword":141,"minecraft:water_bucket":21,"minecraft:iron_shovel":274,"minecraft:stone_pickaxe":80,"minecraft:oak_planks":3,"minecraft:chest":7,"minecraft:wooden_pickaxe":18,"minecraft:iron_sword":115,"minecraft:cooked_chicken":20,"minecraft:iron_chestplate":1,"minecraft:torch":59,"minecraft:golden_hoe":35,"minecraft:dirt":47,"minecraft:crafting_table":8,"minecraft:jungle_planks":276,"minecraft:white_bed":4,"minecraft:granite":1,"minecraft:jungle_sapling":1,"minecraft:iron_axe":162,"minecraft:iron_pickaxe":195,"minecraft:iron_helmet":1,"minecraft:iron_boots":1,"minecraft:melon_seeds":32,"minecraft:stone_axe":65,"minecraft:cobblestone":107,"minecraft:oak_sapling":1,"minecraft:furnace":10,"minecraft:jungle_door":1,"minecraft:bucket":22,"minecraft:egg":6,"minecraft:cooked_beef":1},"minecraft:broken":{"minecraft:iron_shovel":1},"minecraft:mined":{"minecraft:diamond_ore":3,"minecraft:white_bed":2,"minecraft:oak_sapling":1,"minecraft:jungle_leaves":7,"minecraft:crafting_table":5,"minecraft:torch":2,"minecraft:granite":5,"minecraft:short_grass":199,"minecraft:grass_block":225,"minecraft:melon":14,"minecraft:jungle_planks":36,"minecraft:jungle_log":98,"minecraft:tall_grass":3,"minecraft:cobblestone":4,"minecraft:lapis_ore":5,"minecraft:oak_planks":3,"minecraft:furnace":10,"minecraft:iron_ore":48,"minecraft:fire":45,"minecraft:andesite":1,"minecraft:oak_log":6,"minecraft:coal_ore":50,"minecraft:cocoa":6,"minecraft:vine":23,"minecraft:dirt":53,"minecraft:stone":154,"minecraft:oak_leaves":17,"minecraft:fern":13},"minecraft:custom":{"minecraft:interact_with_furnace":43,"minecraft:mob_kills":75,"minecraft:animals_bred":2,"minecraft:interact_with_crafting_table":29,"minecraft:leave_game":1,"minecraft:time_since_death":124105,"minecraft:sleep_in_bed":8,"minecraft:climb_one_cm":2400,"minecraft:time_since_rest":19565,"minecraft:sprint_one_cm":353358,"minecraft:damage_taken":1101,"minecraft:walk_one_cm":281264,"minecraft:drop":24,"minecraft:damage_dealt":8156,"minecraft:talked_to_villager":2,"minecraft:swim_one_cm":314,"minecraft:fly_one_cm":637430,"minecraft:open_chest":54,"minecraft:crouch_one_cm":14867,"minecraft:play_time":124105,"minecraft:sneak_time":4235,"minecraft:walk_under_water_one_cm":224,"minecraft:jump":2745,"minecraft:walk_on_water_one_cm":745,"minecraft:total_world_time":124105,"minecraft:fall_one_cm":78503}},"DataVersion":3700}