{"stats":{"minecraft:broken":{"minecraft:golden_helmet":2,"minecraft:iron_shovel":1,"minecraft:iron_boots":2,"minecraft:iron_chestplate":1,"minecraft:iron_leggings":1,"minecraft:diamond_pickaxe":1,"minecraft:iron_sword":3,"minecraft:iron_axe":1,"minecraft:iron_pickaxe":5,"minecraft:iron_helmet":1},"minecraft:mined":{"minecraft:attached_melon_stem":9,"minecraft:white_bed":6,"minecraft:oak_sapling":1,"minecraft:farmland":1,"minecraft:jungle_leaves":31,"minecraft:obsidian":4,"minecraft:cave_vines_plant":17,"minecraft:granite":47,"minecraft:grass_block":305,"minecraft:jungle_log":217,"minecraft:spawner":2,"minecraft:smooth_stone":2,"minecraft:weeping_vines_plant":3,"minecraft:magma_block":19,"minecraft:iron_ore":186,"minecraft:cobbled_deepslate":26,"minecraft:fire":79,"minecraft:pumpkin":1,"minecraft:deepslate_lapis_ore":40,"minecraft:pointed_dripstone":36,"minecraft:cave_vines":25,"minecraft:flowering_azalea_leaves":1,"minecraft:azalea":1,"minecraft:deepslate_redstone_ore":50,"minecraft:melon_stem":2,"minecraft:crimson_nylium":24,"minecraft:clay":5,"minecraft:torch":2,"minecraft:melon":43,"minecraft:nether_quartz_ore":1082,"minecraft:cobblestone":9,"minecraft:cyan_bed":2,"minecraft:sugar_cane":259,"minecraft:oak_planks":3,"minecraft:wall_torch":1,"minecraft:seagrass":2,"minecraft:nether_wart_block":5,"minecraft:birch_log":5,"minecraft:wheat":1,"minecraft:oak_log":15,"minecraft:beetroots":5,"minecraft:sand":6,"minecraft:dirt":113,"minecraft:netherrack":1498,"minecraft:oak_leaves":46,"minecraft:deepslate":268,"minecraft:nether_gold_ore":24,"minecraft:diamond_ore":3,"minecraft:tuff":15,"minecraft:deepslate_diamond_ore":124,"minecraft:jungle_planks":62,"minecraft:spruce_leaves":3,"minecraft:moss_block":11,"minecraft:rooted_dirt":36,"minecraft:crimson_stem":26,"minecraft:hay_block":33,"minecraft:redstone_ore":5,"minecraft:furnace":21,"minecraft:andesite":23,"minecraft:bookshelf":12,"minecraft:potatoes":62,"minecraft:deepslate_iron_ore":224,"minecraft:vine":48,"minecraft:bamboo":5,"minecraft:stone":486,"minecraft:dandelion":3,"minecraft:crafting_table":15,"minecraft:short_grass":486,"minecraft:emerald_ore":2,"minecraft:tall_grass":15,"minecraft:copper_ore":1,"minecraft:lapis_ore":28,"minecraft:deepslate_gold_ore":69,"minecraft:diorite":14,"minecraft:birch_leaves":3,"minecraft:coal_ore":362,"minecraft:cocoa":6,"minecraft:gravel":2,"minecraft:dripstone_block":10,"minecraft:gold_ore":8,"minecraft:fern":75},"minecraft:killed":{"minecraft:witch":1,"minecraft:spider":44,"minecraft:skeleton":71,"minecraft:chicken":54,"minecraft:piglin":9,"minecraft:pig":28,"minecraft:zombie_villager":2,"minecraft:salmon":1,"minecraft:creeper":4,"minecraft:sheep":59,"minecraft:trader_llama":2,"minecraft:zombie":134,"minecraft:donkey":1,"minecraft:ghast":1,"minecraft:cow":42,"minecraft:horse":8,"minecraft:husk":7,"minecraft:wandering_trader":1,"minecraft:hoglin":1,"minecraft:enderman":5},"minecraft:used":{"minecraft:iron_shovel":274,"minecraft:chest":9,"minecraft:shield":164,"minecraft:iron_sword":1376,"minecraft:rotten_flesh":49,"minecraft:iron_chestplate":4,"minecraft:mutton":2,"minecraft:jungle_planks":413,"minecraft:carrot":1,"minecraft:tuff":12,"minecraft:axolotl_bucket":1,"minecraft:jungle_sapling":1,"minecraft:lava_bucket":2,"minecraft:grass_block":1,"minecraft:iron_helmet":3,"minecraft:magma_block":8,"minecraft:oak_sapling":1,"minecraft:furnace":16,"minecraft:beetroot_seeds":4,"minecraft:egg":28,"minecraft:potato":111,"minecraft:golden_boots":1,"minecraft:diorite":2,"minecraft:oak_planks":17,"minecraft:stone_pickaxe":90,"minecraft:ender_pearl":1,"minecraft:wooden_pickaxe":18,"minecraft:sugar_cane":88,"minecraft:jungle_boat":3,"minecraft:white_wool":4,"minecraft:golden_apple":1,"minecraft:glow_berries":24,"minecraft:golden_hoe":48,"minecraft:blast_furnace":3,"minecraft:dripstone_block":3,"minecraft:melon_slice":84,"minecraft:bread":10,"minecraft:cyan_bed":1,"minecraft:golden_helmet":2,"minecraft:nether_wart_block":2,"minecraft:diamond_sword":224,"minecraft:grindstone":1,"minecraft:andesite":6,"minecraft:oak_boat":3,"minecraft:bone_meal":60,"minecraft:enchanting_table":1,"minecraft:stone_sword":141,"minecraft:flint_and_steel":2,"minecraft:tropical_fish":1,"minecraft:wooden_shovel":13,"minecraft:cooked_chicken":48,"minecraft:netherrack":657,"minecraft:torch":262,"minecraft:dirt":259,"minecraft:granite":23,"minecraft:iron_hoe":79,"minecraft:bookshelf":30,"minecraft:iron_axe":511,"minecraft:rooted_dirt":17,"minecraft:jungle_log":1,"minecraft:iron_boots":3,"minecraft:crimson_planks":27,"minecraft:melon_seeds":33,"minecraft:beef":1,"minecraft:cooked_beef":39,"minecraft:cobbled_deepslate":199,"minecraft:enchanted_golden_apple":1,"minecraft:pointed_dripstone":5,"minecraft:iron_leggings":2,"minecraft:wheat_seeds":23,"minecraft:cooked_mutton":66,"minecraft:water_bucket":110,"minecraft:birch_planks":5,"minecraft:baked_potato":73,"minecraft:crafting_table":22,"minecraft:white_bed":8,"minecraft:smoker":3,"minecraft:diamond_pickaxe":2788,"minecraft:iron_pickaxe":1914,"minecraft:stone_slab":5,"minecraft:stone_axe":65,"minecraft:cobblestone":362,"minecraft:porkchop":2,"minecraft:cooked_porkchop":5,"minecraft:jungle_door":1,"minecraft:bucket":122,"minecraft:smooth_stone":2},"minecraft:picked_up":{"minecraft:iron_chestplate":2,"minecraft:wheat":1,"minecraft:lead":2,"minecraft:diamond_sword":1,"minecraft:golden_sword":1,"minecraft:string":61,"minecraft:raw_copper":4,"minecraft:iron_leggings":3,"minecraft:beetroot":5,"minecraft:cobbled_deepslate":298,"minecraft:gold_nugget":93,"minecraft:smooth_stone":3,"minecraft:azalea":4,"minecraft:iron_pickaxe":2,"minecraft:enchanted_golden_apple":1,"minecraft:melon_slice":235,"minecraft:furnace":21,"minecraft:iron_boots":2,"minecraft:stick":13,"minecraft:torch":40,"minecraft:porkchop":81,"minecraft:pointed_dripstone":61,"minecraft:diorite":13,"minecraft:rotten_flesh":144,"minecraft:tropical_fish":3,"minecraft:obsidian":4,"minecraft:cobblestone":504,"minecraft:birch_log":7,"minecraft:magma_block":13,"minecraft:feather":53,"minecraft:cooked_beef":2,"minecraft:water_bucket":1,"minecraft:andesite":30,"minecraft:jungle_log":234,"minecraft:brown_wool":3,"minecraft:potato":205,"minecraft:flint":1,"minecraft:tuff":13,"minecraft:lapis_lazuli":453,"minecraft:dirt":452,"minecraft:bone":90,"minecraft:acacia_planks":1,"minecraft:bow":4,"minecraft:wheat_seeds":90,"minecraft:raw_gold":86,"minecraft:rabbit":1,"minecraft:bamboo":28,"minecraft:powered_rail":10,"minecraft:moss_block":18,"minecraft:oak_planks":15,"minecraft:cooked_porkchop":12,"minecraft:poisonous_potato":4,"minecraft:jungle_planks":119,"minecraft:sand":5,"minecraft:ink_sac":4,"minecraft:grass_block":3,"minecraft:cyan_bed":2,"minecraft:sugar":2,"minecraft:diamond":154,"minecraft:crossbow":1,"minecraft:granite":46,"minecraft:bone_meal":1,"minecraft:golden_apple":2,"minecraft:emerald":2,"minecraft:rooted_dirt":33,"minecraft:oak_sapling":9,"minecraft:netherrack":1452,"minecraft:crimson_roots":4,"minecraft:diamond_pickaxe":2,"minecraft:cocoa_beans":47,"minecraft:crafting_table":15,"minecraft:chicken":68,"minecraft:clay_ball":20,"minecraft:chest_minecart":2,"minecraft:gold_block":1,"minecraft:shield":3,"minecraft:cornflower":1,"minecraft:moss_carpet":3,"minecraft:iron_axe":4,"minecraft:flint_and_steel":1,"minecraft:detector_rail":4,"minecraft:beef":103,"minecraft:oak_boat":3,"minecraft:jungle_sapling":4,"minecraft:iron_nugget":25,"minecraft:light_gray_wool":3,"minecraft:sugar_cane":348,"minecraft:egg":37,"minecraft:raw_iron":494,"minecraft:fire_charge":2,"minecraft:carrot":1,"minecraft:redstone":372,"minecraft:weeping_vines":5,"minecraft:arrow":82,"minecraft:beetroot_seeds":14,"minecraft:golden_hoe":1,"minecraft:hay_block":32,"minecraft:saddle":1,"minecraft:glow_berries":33,"minecraft:mutton":111,"minecraft:rail":5,"minecraft:white_wool":57,"minecraft:oxeye_daisy":1,"minecraft:jungle_boat":2,"minecraft:glow_ink_sac":12,"minecraft:crimson_stem":26,"minecraft:salmon":1,"minecraft:leather":74,"minecraft:oak_log":17,"minecraft:nether_wart_block":5,"minecraft:golden_boots":1,"minecraft:gunpowder":16,"minecraft:cooked_mutton":6,"minecraft:apple":2,"minecraft:iron_ingot":70,"minecraft:cooked_chicken":18,"minecraft:iron_sword":2,"minecraft:book":36,"minecraft:pumpkin":2,"minecraft:quartz":1016,"minecraft:dandelion":6,"minecraft:dripstone_block":10,"minecraft:gravel":1,"minecraft:white_bed":6,"minecraft:spider_eye":9,"minecraft:iron_helmet":1,"minecraft:gray_wool":2,"minecraft:baked_potato":35,"minecraft:melon_seeds":52,"minecraft:black_wool":7,"minecraft:coal":680,"minecraft:ender_pearl":3},"minecraft:dropped":{"minecraft:cooked_beef":10,"minecraft:diamond":40,"minecraft:leather":1,"minecraft:jungle_planks":15,"minecraft:saddle":1,"minecraft:flint":4,"minecraft:dirt":49,"minecraft:cornflower":1,"minecraft:axolotl_bucket":1,"minecraft:iron_pickaxe":1,"minecraft:white_wool":9,"minecraft:bone":7,"minecraft:stone_axe":1,"minecraft:cooked_chicken":16,"minecraft:cobbled_deepslate":20,"minecraft:rotten_flesh":12,"minecraft:gunpowder":2,"minecraft:melon_seeds":2,"minecraft:jungle_log":2,"minecraft:azalea":1,"minecraft:netherrack":529,"minecraft:bread":1,"minecraft:wheat_seeds":21,"minecraft:poisonous_potato":2,"minecraft:feather":5,"minecraft:cobblestone":37,"minecraft:granite":4,"minecraft:grass_block":1,"minecraft:stick":2,"minecraft:oxeye_daisy":1,"minecraft:gray_wool":1,"minecraft:diorite":3,"minecraft:ink_sac":1,"minecraft:torch":1,"minecraft:brown_wool":1,"minecraft:jungle_door":2,"minecraft:iron_axe":1,"minecraft:string":6,"minecraft:acacia_planks":1,"minecraft:dandelion":3,"minecraft:redstone":64,"minecraft:raw_copper":4,"minecraft:chicken":1,"minecraft:light_gray_wool":3,"minecraft:diamond_pickaxe":2,"minecraft:andesite":15,"minecraft:oak_sapling":3,"minecraft:spider_eye":6,"minecraft:bamboo":6,"minecraft:stone_pickaxe":1,"minecraft:wooden_pickaxe":1,"minecraft:magma_block":1,"minecraft:black_wool":2},"minecraft:killed_by":{"minecraft:piglin":1,"minecraft:zombie":1},"minecraft:custom":{"minecraft:animals_bred":6,"minecraft:interact_with_crafting_table":141,"minecraft:leave_game":21,"minecraft:time_since_death":37719,"minecraft:damage_resisted":40,"minecraft:sprint_one_cm":2902496,"minecraft:damage_blocked_by_shield":6894,"minecraft:drop":134,"minecraft:talked_to_villager":278,"minecraft:play_time":862782,"minecraft:deaths":6,"minecraft:jump":20563,"minecraft:walk_on_water_one_cm":169687,"minecraft:enchant_item":8,"minecraft:interact_with_furnace":216,"minecraft:interact_with_cartography_table":1,"minecraft:sleep_in_bed":22,"minecraft:damage_dealt":71250,"minecraft:crouch_one_cm":98886,"minecraft:interact_with_smoker":43,"minecraft:use_cauldron":1,"minecraft:horse_one_cm":285,"minecraft:mob_kills":486,"minecraft:climb_one_cm":49843,"minecraft:walk_one_cm":1408559,"minecraft:sneak_time":36293,"minecraft:walk_under_water_one_cm":135373,"minecraft:boat_one_cm":266751,"minecraft:interact_with_blast_furnace":69,"minecraft:total_world_time":862782,"minecraft:interact_with_grindstone":5,"minecraft:time_since_rest":37774,"minecraft:damage_taken":15583,"minecraft:damage_absorbed":120,"minecraft:swim_one_cm":456260,"minecraft:fly_one_cm":3971350,"minecraft:open_chest":402,"minecraft:fall_one_cm":571786},"minecraft:crafted":{"minecraft:grindstone":1,"minecraft:oak_planks":56,"minecraft:smooth_stone":19,"minecraft:cooked_chicken":44,"minecraft:stone":48,"minecraft:bookshelf":30,"minecraft:cooked_mutton":76,"minecraft:quartz_block":183,"minecraft:iron_boots":5,"minecraft:melon_seeds":33,"minecraft:chest":9,"minecraft:golden_boots":1,"minecraft:smoker":3,"minecraft:wooden_shovel":1,"minecraft:cooked_porkchop":17,"minecraft:crafting_table":11,"minecraft:jungle_boat":2,"minecraft:iron_helmet":5,"minecraft:wooden_pickaxe":1,"minecraft:baked_potato":94,"minecraft:birch_planks":28,"minecraft:iron_chestplate":6,"minecraft:book":58,"minecraft:paper":195,"minecraft:diamond_pickaxe":6,"minecraft:shield":4,"minecraft:stone_slab":6,"minecraft:stick":144,"minecraft:iron_ingot":259,"minecraft:iron_pickaxe":12,"minecraft:stone_sword":1,"minecraft:gold_ingot":49,"minecraft:smooth_stone_slab":6,"minecraft:furnace":5,"minecraft:blast_furnace":3,"minecraft:bone_meal":60,"minecraft:iron_axe":6,"minecraft:iron_hoe":1,"minecraft:stone_pickaxe":2,"minecraft:golden_helmet":2,"minecraft:wheat":288,"minecraft:cooked_beef":67,"minecraft:sugar":32,"minecraft:crimson_planks":28,"minecraft:diamond_sword":2,"minecraft:enchanting_table":1,"minecraft:iron_sword":8,"minecraft:bucket":8,"minecraft:stone_axe":1,"minecraft:bread":105,"minecraft:air":0,"minecraft:jungle_planks":784,"minecraft:jungle_door":3,"minecraft:iron_shovel":1,"minecraft:iron_leggings":5,"minecraft:white_bed":2,"minecraft:torch":272}},"DataVersion":3700}