{"stats":{"minecraft:killed":{"minecraft:cave_spider":2,"minecraft:witch":1,"minecraft:spider":51,"minecraft:skeleton":106,"minecraft:chicken":59,"minecraft:piglin":11,"minecraft:pig":31,"minecraft:zombie_villager":2,"minecraft:salmon":1,"minecraft:creeper":23,"minecraft:sheep":61,"minecraft:trader_llama":2,"minecraft:zombie":180,"minecraft:donkey":1,"minecraft:ghast":1,"minecraft:cow":42,"minecraft:horse":8,"minecraft:husk":7,"minecraft:wandering_trader":1,"minecraft:hoglin":4,"minecraft:enderman":5},"minecraft:picked_up":{"minecraft:iron_chestplate":2,"minecraft:wheat":1,"minecraft:lead":2,"minecraft:diamond_sword":1,"minecraft:golden_sword":1,"minecraft:string":95,"minecraft:raw_copper":21,"minecraft:iron_leggings":3,"minecraft:beetroot":5,"minecraft:cobbled_deepslate":512,"minecraft:gold_nugget":286,"minecraft:smooth_stone":3,"minecraft:azalea":5,"minecraft:iron_pickaxe":2,"minecraft:enchanted_golden_apple":1,"minecraft:melon_slice":241,"minecraft:furnace":22,"minecraft:iron_boots":2,"minecraft:stick":14,"minecraft:oak_fence":3,"minecraft:torch":40,"minecraft:porkchop":91,"minecraft:pointed_dripstone":70,"minecraft:diorite":22,"minecraft:rotten_flesh":160,"minecraft:tropical_fish":4,"minecraft:obsidian":4,"minecraft:cobblestone":641,"minecraft:birch_log":7,"minecraft:magma_block":15,"minecraft:feather":58,"minecraft:cooked_beef":2,"minecraft:water_bucket":1,"minecraft:andesite":48,"minecraft:jungle_log":294,"minecraft:brown_wool":3,"minecraft:potato":327,"minecraft:flint":2,"minecraft:tuff":28,"minecraft:lapis_lazuli":721,"minecraft:dirt":490,"minecraft:bone":121,"minecraft:acacia_planks":1,"minecraft:bow":7,"minecraft:wheat_seeds":92,"minecraft:raw_gold":89,"minecraft:rabbit":1,"minecraft:bamboo":59,"minecraft:powered_rail":10,"minecraft:moss_block":20,"minecraft:oak_planks":21,"minecraft:cooked_porkchop":12,"minecraft:poisonous_potato":4,"minecraft:sand":5,"minecraft:jungle_planks":119,"minecraft:ink_sac":4,"minecraft:grass_block":3,"minecraft:cyan_bed":2,"minecraft:dispenser":2,"minecraft:sugar":2,"minecraft:diamond":358,"minecraft:crossbow":1,"minecraft:granite":53,"minecraft:bone_meal":1,"minecraft:golden_apple":2,"minecraft:emerald":2,"minecraft:rooted_dirt":34,"minecraft:oak_sapling":9,"minecraft:netherrack":3656,"minecraft:crimson_roots":6,"minecraft:diamond_pickaxe":2,"minecraft:cocoa_beans":47,"minecraft:crafting_table":16,"minecraft:chicken":73,"minecraft:clay_ball":20,"minecraft:chest_minecart":2,"minecraft:gold_block":1,"minecraft:shield":3,"minecraft:cornflower":1,"minecraft:moss_carpet":3,"minecraft:iron_axe":4,"minecraft:flint_and_steel":1,"minecraft:blackstone":6,"minecraft:detector_rail":4,"minecraft:beef":103,"minecraft:oak_boat":3,"minecraft:jungle_sapling":5,"minecraft:iron_nugget":25,"minecraft:light_gray_wool":3,"minecraft:sugar_cane":348,"minecraft:egg":37,"minecraft:raw_iron":883,"minecraft:sandstone":10,"minecraft:fire_charge":2,"minecraft:carrot":2,"minecraft:redstone":476,"minecraft:weeping_vines":5,"minecraft:arrow":111,"minecraft:beetroot_seeds":14,"minecraft:golden_hoe":1,"minecraft:hay_block":32,"minecraft:saddle":1,"minecraft:glow_berries":33,"minecraft:mutton":114,"minecraft:rail":5,"minecraft:white_wool":58,"minecraft:oxeye_daisy":1,"minecraft:jungle_boat":2,"minecraft:glow_ink_sac":17,"minecraft:crimson_stem":26,"minecraft:salmon":1,"minecraft:leather":76,"minecraft:music_disc_stal":1,"minecraft:oak_log":25,"minecraft:ancient_debris":11,"minecraft:golden_boots":1,"minecraft:nether_wart_block":6,"minecraft:gunpowder":31,"minecraft:cooked_mutton":6,"minecraft:apple":2,"minecraft:iron_ingot":70,"minecraft:cooked_chicken":18,"minecraft:iron_sword":3,"minecraft:book":36,"minecraft:pumpkin":2,"minecraft:quartz":1385,"minecraft:dandelion":6,"minecraft:dripstone_block":20,"minecraft:gravel":14,"minecraft:white_bed":7,"minecraft:spider_eye":10,"minecraft:iron_helmet":1,"minecraft:gray_wool":2,"minecraft:baked_potato":35,"minecraft:melon_seeds":52,"minecraft:black_wool":8,"minecraft:coal":1039,"minecraft:ender_pearl":3},"minecraft:killed_by":{"minecraft:piglin":1,"minecraft:zombie":1},"minecraft:crafted":{"minecraft:grindstone":1,"minecraft:oak_planks":56,"minecraft:smooth_stone":19,"minecraft:cooked_chicken":51,"minecraft:stone":48,"minecraft:bookshelf":30,"minecraft:cooked_mutton":76,"minecraft:quartz_block":183,"minecraft:bow":1,"minecraft:iron_boots":6,"minecraft:melon_seeds":33,"minecraft:chest":11,"minecraft:golden_boots":1,"minecraft:smoker":3,"minecraft:wooden_shovel":1,"minecraft:cooked_porkchop":27,"minecraft:crafting_table":13,"minecraft:jungle_boat":2,"minecraft:iron_helmet":6,"minecraft:wooden_pickaxe":1,"minecraft:baked_potato":171,"minecraft:birch_planks":28,"minecraft:iron_chestplate":6,"minecraft:book":58,"minecraft:paper":195,"minecraft:diamond_pickaxe":7,"minecraft:shield":4,"minecraft:stone_slab":6,"minecraft:stick":152,"minecraft:iron_ingot":634,"minecraft:iron_pickaxe":12,"minecraft:iron_block":3,"minecraft:stone_sword":1,"minecraft:gold_ingot":56,"minecraft:smooth_stone_slab":6,"minecraft:furnace":6,"minecraft:blast_furnace":3,"minecraft:bone_meal":60,"minecraft:iron_axe":6,"minecraft:iron_hoe":1,"minecraft:stone_pickaxe":2,"minecraft:golden_helmet":2,"minecraft:wheat":288,"minecraft:cooked_beef":67,"minecraft:sugar":32,"minecraft:crimson_planks":28,"minecraft:diamond_sword":3,"minecraft:enchanting_table":1,"minecraft:iron_sword":8,"minecraft:bucket":8,"minecraft:stone_axe":1,"minecraft:bread":105,"minecraft:air":0,"minecraft:jungle_planks":1052,"minecraft:jungle_door":3,"minecraft:iron_shovel":1,"minecraft:iron_leggings":5,"minecraft:anvil":1,"minecraft:white_bed":21,"minecraft:torch":272},"minecraft:dropped":{"minecraft:iron_sword":1,"minecraft:moss_block":4,"minecraft:cooked_beef":10,"minecraft:glow_ink_sac":2,"minecraft:diamond":40,"minecraft:leather":1,"minecraft:jungle_planks":15,"minecraft:saddle":1,"minecraft:flint":4,"minecraft:dirt":53,"minecraft:cornflower":1,"minecraft:mutton":2,"minecraft:jungle_sapling":1,"minecraft:axolotl_bucket":1,"minecraft:iron_pickaxe":1,"minecraft:white_wool":10,"minecraft:bone":7,"minecraft:gravel":9,"minecraft:stone_axe":1,"minecraft:iron_nugget":3,"minecraft:cooked_chicken":16,"minecraft:cobbled_deepslate":66,"minecraft:rotten_flesh":20,"minecraft:oak_planks":3,"minecraft:gunpowder":2,"minecraft:melon_seeds":2,"minecraft:jungle_log":2,"minecraft:azalea":5,"minecraft:quartz":69,"minecraft:netherrack":1288,"minecraft:egg":1,"minecraft:crimson_planks":1,"minecraft:bread":1,"minecraft:wheat_seeds":23,"minecraft:poisonous_potato":2,"minecraft:feather":15,"minecraft:cobblestone":102,"minecraft:granite":5,"minecraft:tropical_fish":2,"minecraft:grass_block":1,"minecraft:stick":2,"minecraft:oxeye_daisy":1,"minecraft:gray_wool":3,"minecraft:diorite":12,"minecraft:ink_sac":1,"minecraft:torch":1,"minecraft:nether_wart_block":1,"minecraft:brown_wool":2,"minecraft:jungle_door":2,"minecraft:iron_axe":1,"minecraft:string":14,"minecraft:acacia_planks":1,"minecraft:dandelion":3,"minecraft:redstone":162,"minecraft:moss_carpet":1,"minecraft:raw_copper":21,"minecraft:tuff":8,"minecraft:chicken":2,"minecraft:light_gray_wool":3,"minecraft:diamond_pickaxe":2,"minecraft:andesite":29,"minecraft:oak_sapling":3,"minecraft:spider_eye":7,"minecraft:bamboo":37,"minecraft:sandstone":10,"minecraft:stone_pickaxe":1,"minecraft:wooden_pickaxe":1,"minecraft:magma_block":1,"minecraft:black_wool":5},"minecraft:used":{"minecraft:moss_block":1,"minecraft:iron_shovel":274,"minecraft:chest":11,"minecraft:shield":185,"minecraft:iron_sword":1593,"minecraft:rotten_flesh":51,"minecraft:iron_chestplate":4,"minecraft:mutton":3,"minecraft:jungle_planks":413,"minecraft:carrot":1,"minecraft:tuff":20,"minecraft:axolotl_bucket":1,"minecraft:jungle_sapling":1,"minecraft:lava_bucket":2,"minecraft:grass_block":1,"minecraft:iron_helmet":3,"minecraft:magma_block":8,"minecraft:bow":221,"minecraft:oak_sapling":1,"minecraft:furnace":17,"minecraft:beetroot_seeds":4,"minecraft:egg":28,"minecraft:potato":148,"minecraft:golden_boots":1,"minecraft:diorite":2,"minecraft:oak_planks":17,"minecraft:stone_pickaxe":90,"minecraft:ender_pearl":1,"minecraft:wooden_pickaxe":18,"minecraft:sugar_cane":88,"minecraft:jungle_boat":3,"minecraft:white_wool":4,"minecraft:golden_apple":3,"minecraft:glow_berries":28,"minecraft:golden_hoe":48,"minecraft:blast_furnace":3,"minecraft:dripstone_block":3,"minecraft:melon_slice":90,"minecraft:bread":11,"minecraft:cyan_bed":1,"minecraft:golden_helmet":2,"minecraft:nether_wart_block":2,"minecraft:diamond_sword":224,"minecraft:grindstone":1,"minecraft:andesite":11,"minecraft:oak_boat":3,"minecraft:bone_meal":60,"minecraft:enchanting_table":1,"minecraft:stone_sword":141,"minecraft:flint_and_steel":2,"minecraft:tropical_fish":1,"minecraft:wooden_shovel":13,"minecraft:cooked_chicken":55,"minecraft:netherrack":918,"minecraft:torch":262,"minecraft:dirt":299,"minecraft:anvil":1,"minecraft:granite":35,"minecraft:iron_hoe":79,"minecraft:bookshelf":30,"minecraft:iron_axe":612,"minecraft:rooted_dirt":34,"minecraft:jungle_log":1,"minecraft:iron_boots":4,"minecraft:crimson_planks":27,"minecraft:melon_seeds":33,"minecraft:beef":1,"minecraft:cooked_beef":39,"minecraft:cobbled_deepslate":380,"minecraft:enchanted_golden_apple":1,"minecraft:pointed_dripstone":5,"minecraft:iron_leggings":2,"minecraft:wheat_seeds":23,"minecraft:cooked_mutton":66,"minecraft:water_bucket":156,"minecraft:birch_planks":5,"minecraft:baked_potato":157,"minecraft:crafting_table":23,"minecraft:white_bed":28,"minecraft:smoker":3,"minecraft:oak_log":6,"minecraft:diamond_pickaxe":6656,"minecraft:apple":1,"minecraft:iron_pickaxe":1914,"minecraft:stone_slab":5,"minecraft:stone_axe":65,"minecraft:cobblestone":447,"minecraft:porkchop":2,"minecraft:cooked_porkchop":9,"minecraft:jungle_door":1,"minecraft:bucket":171,"minecraft:smooth_stone":2},"minecraft:broken":{"minecraft:golden_helmet":2,"minecraft:iron_shovel":1,"minecraft:golden_boots":1,"minecraft:iron_boots":2,"minecraft:iron_chestplate":1,"minecraft:iron_leggings":1,"minecraft:diamond_pickaxe":2,"minecraft:iron_sword":4,"minecraft:iron_axe":1,"minecraft:iron_pickaxe":5,"minecraft:iron_helmet":1},"minecraft:mined":{"minecraft:attached_melon_stem":9,"minecraft:white_bed":7,"minecraft:oak_sapling":1,"minecraft:farmland":1,"minecraft:jungle_leaves":46,"minecraft:obsidian":4,"minecraft:cave_vines_plant":17,"minecraft:granite":61,"minecraft:grass_block":310,"minecraft:jungle_log":279,"minecraft:spawner":5,"minecraft:smooth_stone":2,"minecraft:weeping_vines_plant":3,"minecraft:magma_block":23,"minecraft:iron_ore":309,"minecraft:cobbled_deepslate":56,"minecraft:fire":257,"minecraft:pumpkin":1,"minecraft:deepslate_lapis_ore":64,"minecraft:pointed_dripstone":42,"minecraft:cave_vines":25,"minecraft:flowering_azalea_leaves":1,"minecraft:azalea":1,"minecraft:tripwire":2,"minecraft:deepslate_redstone_ore":75,"minecraft:blackstone":4,"minecraft:melon_stem":2,"minecraft:crimson_nylium":44,"minecraft:clay":5,"minecraft:torch":2,"minecraft:melon":43,"minecraft:nether_quartz_ore":1309,"minecraft:cobblestone":15,"minecraft:cyan_bed":2,"minecraft:sugar_cane":259,"minecraft:oak_planks":3,"minecraft:wall_torch":1,"minecraft:seagrass":2,"minecraft:nether_wart_block":6,"minecraft:birch_log":5,"minecraft:wheat":1,"minecraft:oak_log":23,"minecraft:beetroots":5,"minecraft:sand":10,"minecraft:dirt":124,"minecraft:tripwire_hook":1,"minecraft:dispenser":2,"minecraft:ancient_debris":11,"minecraft:netherrack":3921,"minecraft:oak_leaves":48,"minecraft:deepslate":446,"minecraft:nether_gold_ore":62,"minecraft:diamond_ore":3,"minecraft:tuff":30,"minecraft:deepslate_diamond_ore":242,"minecraft:jungle_planks":62,"minecraft:spruce_leaves":3,"minecraft:moss_block":13,"minecraft:sandstone":48,"minecraft:rooted_dirt":37,"minecraft:crimson_stem":26,"minecraft:hay_block":33,"minecraft:redstone_ore":5,"minecraft:furnace":22,"minecraft:andesite":41,"minecraft:bookshelf":12,"minecraft:potatoes":98,"minecraft:deepslate_iron_ore":351,"minecraft:vine":52,"minecraft:bamboo":5,"minecraft:stone":638,"minecraft:dandelion":3,"minecraft:crafting_table":16,"minecraft:short_grass":496,"minecraft:emerald_ore":2,"minecraft:tall_grass":16,"minecraft:copper_ore":3,"minecraft:deepslate_coal_ore":3,"minecraft:lapis_ore":29,"minecraft:deepslate_gold_ore":70,"minecraft:diorite":34,"minecraft:birch_leaves":3,"minecraft:coal_ore":545,"minecraft:cocoa":6,"minecraft:gravel":7,"minecraft:dripstone_block":18,"minecraft:cobweb":23,"minecraft:gold_ore":8,"minecraft:fern":78},"minecraft:custom":{"minecraft:animals_bred":6,"minecraft:interact_with_crafting_table":155,"minecraft:leave_game":26,"minecraft:time_since_death":258866,"minecraft:damage_resisted":40,"minecraft:sprint_one_cm":3754896,"minecraft:damage_blocked_by_shield":8274,"minecraft:drop":215,"minecraft:talked_to_villager":278,"minecraft:play_time":1083929,"minecraft:deaths":6,"minecraft:jump":26103,"minecraft:walk_on_water_one_cm":233474,"minecraft:enchant_item":15,"minecraft:interact_with_furnace":223,"minecraft:interact_with_cartography_table":1,"minecraft:sleep_in_bed":27,"minecraft:damage_dealt":79695,"minecraft:crouch_one_cm":132301,"minecraft:interact_with_smoker":80,"minecraft:use_cauldron":3,"minecraft:horse_one_cm":285,"minecraft:interact_with_anvil":1,"minecraft:mob_kills":615,"minecraft:climb_one_cm":70084,"minecraft:walk_one_cm":1699772,"minecraft:sneak_time":47942,"minecraft:walk_under_water_one_cm":163173,"minecraft:boat_one_cm":266751,"minecraft:interact_with_blast_furnace":103,"minecraft:total_world_time":1083929,"minecraft:interact_with_grindstone":10,"minecraft:time_since_rest":26501,"minecraft:damage_taken":19744,"minecraft:damage_absorbed":132,"minecraft:swim_one_cm":527466,"minecraft:fly_one_cm":4861503,"minecraft:open_chest":496,"minecraft:fall_one_cm":736591}},"DataVersion":3700}