{"stats":{"minecraft:killed":{"minecraft:pig":5,"minecraft:witch":1,"minecraft:spider":4,"minecraft:sheep":8,"minecraft:skeleton":1,"minecraft:zombie":4,"minecraft:chicken":18,"minecraft:cow":6},"minecraft:picked_up":{"minecraft:cocoa_beans":44,"minecraft:crafting_table":3,"minecraft:feather":17,"minecraft:cooked_beef":2,"minecraft:chicken":18,"minecraft:andesite":1,"minecraft:jungle_log":77,"minecraft:leather":10,"minecraft:oak_log":6,"minecraft:cornflower":1,"minecraft:lapis_lazuli":35,"minecraft:dirt":272,"minecraft:string":6,"minecraft:bone":1,"minecraft:acacia_planks":1,"minecraft:apple":1,"minecraft:wheat_seeds":29,"minecraft:iron_ingot":2,"minecraft:beef":12,"minecraft:jungle_sapling":1,"minecraft:melon_slice":66,"minecraft:oak_planks":3,"minecraft:egg":8,"minecraft:furnace":9,"minecraft:raw_iron":45,"minecraft:stick":3,"minecraft:cooked_porkchop":12,"minecraft:torch":3,"minecraft:dandelion":3,"minecraft:jungle_planks":36,"minecraft:porkchop":9,"minecraft:white_bed":2,"minecraft:sugar":2,"minecraft:arrow":1,"minecraft:rotten_flesh":5,"minecraft:diamond":3,"minecraft:gray_wool":1,"minecraft:oak_sapling":3,"minecraft:black_wool":1,"minecraft:mutton":14,"minecraft:coal":63,"minecraft:white_wool":6,"minecraft:cobblestone":134,"minecraft:oxeye_daisy":1},"minecraft:crafted":{"minecraft:cooked_beef":9,"minecraft:oak_planks":24,"minecraft:crafting_table":3,"minecraft:cooked_chicken":16,"minecraft:wooden_pickaxe":1,"minecraft:iron_sword":2,"minecraft:furnace":2,"minecraft:bucket":2,"minecraft:stone_axe":1,"minecraft:cooked_mutton":14,"minecraft:air":0,"minecraft:jungle_planks":308,"minecraft:jungle_door":3,"minecraft:iron_axe":2,"minecraft:melon_seeds":32,"minecraft:stick":28,"minecraft:iron_ingot":33,"minecraft:iron_pickaxe":2,"minecraft:stone_pickaxe":1,"minecraft:stone_sword":1,"minecraft:chest":7,"minecraft:iron_shovel":1,"minecraft:white_bed":2,"minecraft:torch":48},"minecraft:dropped":{"minecraft:stone_axe":1,"minecraft:wheat_seeds":6,"minecraft:cooked_beef":10,"minecraft:chicken":1,"minecraft:feather":1,"minecraft:acacia_planks":1},"minecraft:used":{"minecraft:water_bucket":19,"minecraft:cooked_mutton":8,"minecraft:stone_sword":141,"minecraft:iron_shovel":274,"minecraft:stone_pickaxe":80,"minecraft:oak_planks":3,"minecraft:chest":7,"minecraft:wooden_pickaxe":18,"minecraft:iron_sword":12,"minecraft:cooked_chicken":5,"minecraft:torch":39,"minecraft:golden_hoe":35,"minecraft:dirt":36,"minecraft:crafting_table":6,"minecraft:jungle_planks":276,"minecraft:white_bed":4,"minecraft:jungle_sapling":1,"minecraft:iron_axe":123,"minecraft:iron_pickaxe":131,"minecraft:melon_seeds":32,"minecraft:stone_axe":65,"minecraft:cobblestone":107,"minecraft:furnace":9,"minecraft:oak_sapling":1,"minecraft:jungle_door":1,"minecraft:bucket":19,"minecraft:egg":5,"minecraft:cooked_beef":1},"minecraft:broken":{"minecraft:iron_shovel":1},"minecraft:mined":{"minecraft:diamond_ore":3,"minecraft:white_bed":2,"minecraft:oak_sapling":1,"minecraft:jungle_leaves":7,"minecraft:crafting_table":3,"minecraft:torch":2,"minecraft:short_grass":178,"minecraft:grass_block":225,"minecraft:melon":14,"minecraft:jungle_planks":36,"minecraft:jungle_log":73,"minecraft:tall_grass":2,"minecraft:cobblestone":4,"minecraft:lapis_ore":5,"minecraft:oak_planks":3,"minecraft:furnace":9,"minecraft:iron_ore":36,"minecraft:fire":45,"minecraft:andesite":1,"minecraft:vine":18,"minecraft:oak_log":6,"minecraft:coal_ore":29,"minecraft:cocoa":6,"minecraft:dirt":52,"minecraft:stone":130,"minecraft:oak_leaves":10,"minecraft:fern":10},"minecraft:custom":{"minecraft:interact_with_furnace":41,"minecraft:mob_kills":48,"minecraft:animals_bred":1,"minecraft:interact_with_crafting_table":24,"minecraft:leave_game":1,"minecraft:time_since_death":75254,"minecraft:sleep_in_bed":5,"minecraft:climb_one_cm":1713,"minecraft:time_since_rest":8385,"minecraft:sprint_one_cm":214177,"minecraft:damage_taken":485,"minecraft:walk_one_cm":210507,"minecraft:drop":11,"minecraft:damage_dealt":4225,"minecraft:swim_one_cm":314,"minecraft:fly_one_cm":376322,"minecraft:open_chest":35,"minecraft:crouch_one_cm":11608,"minecraft:play_time":75254,"minecraft:sneak_time":3240,"minecraft:walk_under_water_one_cm":168,"minecraft:jump":1709,"minecraft:walk_on_water_one_cm":705,"minecraft:total_world_time":75254,"minecraft:fall_one_cm":49412}},"DataVersion":3700}