{"stats":{"minecraft:killed":{"minecraft:witch":1,"minecraft:spider":12,"minecraft:skeleton":12,"minecraft:chicken":23,"minecraft:turtle":1,"minecraft:pig":22,"minecraft:zombie_villager":1,"minecraft:creeper":2,"minecraft:sheep":23,"minecraft:zombie":22,"minecraft:cow":21},"minecraft:mined":{"minecraft:white_bed":3,"minecraft:deepslate_diamond_ore":6,"minecraft:cobblestone_stairs":1,"minecraft:brewing_stand":2,"minecraft:granite":13,"minecraft:grass_block":535,"minecraft:cartography_table":1,"minecraft:composter":4,"minecraft:furnace":4,"minecraft:carrots":13,"minecraft:iron_ore":64,"minecraft:cobbled_deepslate":1,"minecraft:andesite":9,"minecraft:deepslate_lapis_ore":2,"minecraft:azure_bluet":1,"minecraft:potatoes":9,"minecraft:deepslate_iron_ore":10,"minecraft:water_cauldron":1,"minecraft:dirt_path":3,"minecraft:stripped_oak_log":48,"minecraft:stone":129,"minecraft:dandelion":6,"minecraft:oak_fence":1,"minecraft:crafting_table":4,"minecraft:short_grass":88,"minecraft:tall_grass":22,"minecraft:lapis_ore":3,"minecraft:deepslate_gold_ore":3,"minecraft:sugar_cane":109,"minecraft:oak_planks":5,"minecraft:diorite":4,"minecraft:wall_torch":1,"minecraft:wheat":27,"minecraft:white_carpet":1,"minecraft:yellow_bed":3,"minecraft:oak_log":221,"minecraft:coal_ore":129,"minecraft:beetroots":9,"minecraft:gravel":12,"minecraft:sand":20,"minecraft:dirt":461,"minecraft:stonecutter":2,"minecraft:oak_leaves":12,"minecraft:deepslate":5},"minecraft:picked_up":{"minecraft:crafting_table":4,"minecraft:wheat":24,"minecraft:azure_bluet":1,"minecraft:chicken":24,"minecraft:wooden_pickaxe":2,"minecraft:oak_stairs":4,"minecraft:brewing_stand":2,"minecraft:shield":1,"minecraft:string":14,"minecraft:white_carpet":1,"minecraft:beetroot":8,"minecraft:cartography_table":1,"minecraft:cobbled_deepslate":12,"minecraft:beef":50,"minecraft:sugar_cane":212,"minecraft:furnace":4,"minecraft:egg":8,"minecraft:stick":9,"minecraft:raw_iron":73,"minecraft:composter":4,"minecraft:oak_fence":1,"minecraft:torch":4,"minecraft:porkchop":51,"minecraft:diorite":5,"minecraft:carrot":28,"minecraft:cauldron":1,"minecraft:rotten_flesh":31,"minecraft:arrow":16,"minecraft:beetroot_seeds":23,"minecraft:mutton":33,"minecraft:white_wool":20,"minecraft:cobblestone":113,"minecraft:stripped_oak_log":48,"minecraft:feather":25,"minecraft:andesite":9,"minecraft:brown_wool":2,"minecraft:leather":29,"minecraft:potato":30,"minecraft:flint":2,"minecraft:oak_log":218,"minecraft:yellow_bed":3,"minecraft:gunpowder":2,"minecraft:cobblestone_stairs":1,"minecraft:lapis_lazuli":40,"minecraft:dirt":996,"minecraft:bone":17,"minecraft:bow":1,"minecraft:stonecutter":1,"minecraft:wheat_seeds":83,"minecraft:raw_gold":3,"minecraft:iron_ingot":30,"minecraft:stone_pickaxe":2,"minecraft:iron_sword":1,"minecraft:oak_planks":8,"minecraft:dandelion":6,"minecraft:poisonous_potato":1,"minecraft:sand":19,"minecraft:ink_sac":3,"minecraft:white_bed":3,"minecraft:spider_eye":4,"minecraft:diamond":6,"minecraft:granite":15,"minecraft:oak_sapling":4,"minecraft:coal":141},"minecraft:used":{"minecraft:oak_fence":1,"minecraft:stone_sword":1,"minecraft:iron_shovel":1004,"minecraft:chest":4,"minecraft:shield":28,"minecraft:iron_sword":288,"minecraft:cooked_chicken":8,"minecraft:rotten_flesh":3,"minecraft:iron_chestplate":1,"minecraft:torch":1,"minecraft:dirt":221,"minecraft:white_carpet":1,"minecraft:carrot":7,"minecraft:granite":13,"minecraft:iron_axe":422,"minecraft:oak_stairs":2,"minecraft:iron_helmet":1,"minecraft:iron_boots":1,"minecraft:furnace":6,"minecraft:egg":2,"minecraft:cooked_beef":21,"minecraft:potato":7,"minecraft:cobbled_deepslate":11,"minecraft:wheat_seeds":33,"minecraft:cooked_mutton":19,"minecraft:water_bucket":21,"minecraft:diorite":3,"minecraft:oak_planks":20,"minecraft:stone_pickaxe":88,"minecraft:wooden_pickaxe":41,"minecraft:sugar_cane":80,"minecraft:crafting_table":8,"minecraft:white_bed":4,"minecraft:bread":16,"minecraft:string":2,"minecraft:iron_pickaxe":297,"minecraft:cobblestone":47,"minecraft:andesite":8,"minecraft:bucket":22,"minecraft:yellow_bed":3},"minecraft:dropped":{"minecraft:iron_sword":1,"minecraft:wheat_seeds":4,"minecraft:granite":1,"minecraft:flint":2,"minecraft:diorite":1,"minecraft:oak_stairs":2,"minecraft:string":2,"minecraft:dandelion":6,"minecraft:stone_sword":1,"minecraft:cobbled_deepslate":1,"minecraft:chicken":2,"minecraft:rotten_flesh":25,"minecraft:cooked_mutton":4,"minecraft:azure_bluet":1,"minecraft:shield":1,"minecraft:oak_button":1,"minecraft:gunpowder":2,"minecraft:beetroot_seeds":3,"minecraft:oak_sapling":2,"minecraft:spider_eye":2,"minecraft:wooden_pickaxe":2,"minecraft:stone_pickaxe":2,"minecraft:egg":2},"minecraft:custom":{"minecraft:mob_kills":152,"minecraft:animals_bred":2,"minecraft:interact_with_crafting_table":45,"minecraft:leave_game":3,"minecraft:time_since_death":199462,"minecraft:climb_one_cm":37835,"minecraft:sprint_one_cm":875615,"minecraft:walk_one_cm":384799,"minecraft:damage_blocked_by_shield":896,"minecraft:drop":40,"minecraft:talked_to_villager":78,"minecraft:play_time":217966,"minecraft:sneak_time":10037,"minecraft:deaths":2,"minecraft:walk_under_water_one_cm":12125,"minecraft:jump":5751,"minecraft:walk_on_water_one_cm":23798,"minecraft:total_world_time":217966,"minecraft:interact_with_furnace":65,"minecraft:traded_with_villager":66,"minecraft:sleep_in_bed":3,"minecraft:time_since_rest":90230,"minecraft:damage_taken":3600,"minecraft:damage_dealt":18174,"minecraft:swim_one_cm":43603,"minecraft:fly_one_cm":1250632,"minecraft:open_chest":93,"minecraft:crouch_one_cm":32982,"minecraft:fall_one_cm":143325},"minecraft:broken":{"minecraft:iron_shovel":3,"minecraft:leather_leggings":1,"minecraft:iron_axe":2,"minecraft:iron_sword":1,"minecraft:iron_pickaxe":1},"minecraft:killed_by":{"minecraft:zombie_villager":1,"minecraft:skeleton":1},"minecraft:crafted":{"minecraft:oak_planks":1052,"minecraft:cooked_chicken":12,"minecraft:furnace":2,"minecraft:bone_meal":18,"minecraft:cooked_mutton":33,"minecraft:bow":2,"minecraft:iron_boots":1,"minecraft:iron_axe":3,"minecraft:stone_pickaxe":2,"minecraft:chest":4,"minecraft:oak_button":1,"minecraft:cooked_beef":29,"minecraft:crossbow":20,"minecraft:emerald":44,"minecraft:cooked_porkchop":24,"minecraft:crafting_table":4,"minecraft:wooden_pickaxe":2,"minecraft:iron_helmet":1,"minecraft:iron_sword":1,"minecraft:bucket":1,"minecraft:bread":3,"minecraft:air":0,"minecraft:oak_boat":1,"minecraft:book":29,"minecraft:paper":132,"minecraft:iron_chestplate":1,"minecraft:shield":1,"minecraft:stick":1880,"minecraft:iron_ingot":48,"minecraft:iron_pickaxe":3,"minecraft:stone_sword":1,"minecraft:iron_shovel":4,"minecraft:white_bed":1}},"DataVersion":3700}