{"stats":{"minecraft:crafted":{"minecraft:oak_planks":24,"minecraft:cooked_chicken":38,"minecraft:furnace":3,"minecraft:bone_meal":60,"minecraft:bookshelf":16,"minecraft:cooked_mutton":33,"minecraft:iron_boots":2,"minecraft:iron_axe":4,"minecraft:melon_seeds":33,"minecraft:stone_pickaxe":1,"minecraft:chest":9,"minecraft:cooked_beef":41,"minecraft:sugar":32,"minecraft:wooden_shovel":1,"minecraft:crafting_table":7,"minecraft:enchanting_table":1,"minecraft:jungle_boat":2,"minecraft:wooden_pickaxe":1,"minecraft:iron_helmet":2,"minecraft:iron_sword":5,"minecraft:bucket":4,"minecraft:birch_planks":20,"minecraft:stone_axe":1,"minecraft:air":0,"minecraft:jungle_planks":684,"minecraft:jungle_door":3,"minecraft:iron_chestplate":2,"minecraft:book":25,"minecraft:paper":75,"minecraft:diamond_pickaxe":1,"minecraft:shield":2,"minecraft:stick":92,"minecraft:iron_ingot":64,"minecraft:iron_pickaxe":5,"minecraft:stone_sword":1,"minecraft:iron_shovel":1,"minecraft:iron_leggings":2,"minecraft:white_bed":2,"minecraft:torch":220},"minecraft:used":{"minecraft:stone_sword":141,"minecraft:iron_shovel":274,"minecraft:chest":9,"minecraft:shield":54,"minecraft:iron_sword":800,"minecraft:wooden_shovel":13,"minecraft:cooked_chicken":42,"minecraft:rotten_flesh":23,"minecraft:iron_chestplate":1,"minecraft:torch":214,"minecraft:dirt":199,"minecraft:jungle_planks":326,"minecraft:axolotl_bucket":1,"minecraft:granite":1,"minecraft:jungle_sapling":1,"minecraft:iron_axe":386,"minecraft:jungle_log":1,"minecraft:iron_helmet":1,"minecraft:iron_boots":1,"minecraft:melon_seeds":33,"minecraft:oak_sapling":1,"minecraft:furnace":13,"minecraft:beetroot_seeds":4,"minecraft:egg":6,"minecraft:potato":29,"minecraft:cooked_beef":18,"minecraft:cobbled_deepslate":35,"minecraft:wheat_seeds":1,"minecraft:cooked_mutton":17,"minecraft:water_bucket":40,"minecraft:stone_pickaxe":80,"minecraft:oak_planks":3,"minecraft:wooden_pickaxe":18,"minecraft:sugar_cane":88,"minecraft:jungle_boat":3,"minecraft:white_wool":4,"minecraft:golden_hoe":48,"minecraft:crafting_table":15,"minecraft:white_bed":5,"minecraft:diamond_pickaxe":4,"minecraft:iron_pickaxe":670,"minecraft:melon_slice":84,"minecraft:bread":5,"minecraft:cyan_bed":1,"minecraft:stone_axe":65,"minecraft:cobblestone":170,"minecraft:jungle_door":1,"minecraft:bucket":44,"minecraft:oak_boat":3,"minecraft:bone_meal":60},"minecraft:dropped":{"minecraft:bread":1,"minecraft:wheat_seeds":13,"minecraft:cooked_beef":10,"minecraft:diamond":40,"minecraft:poisonous_potato":2,"minecraft:feather":5,"minecraft:cobblestone":37,"minecraft:granite":4,"minecraft:jungle_planks":15,"minecraft:grass_block":1,"minecraft:stick":2,"minecraft:oxeye_daisy":1,"minecraft:dirt":36,"minecraft:torch":1,"minecraft:cornflower":1,"minecraft:brown_wool":1,"minecraft:jungle_door":2,"minecraft:string":2,"minecraft:acacia_planks":1,"minecraft:dandelion":3,"minecraft:bone":5,"minecraft:stone_axe":1,"minecraft:cooked_chicken":16,"minecraft:cobbled_deepslate":16,"minecraft:chicken":1,"minecraft:rotten_flesh":2,"minecraft:andesite":15,"minecraft:jungle_log":2,"minecraft:oak_sapling":1,"minecraft:spider_eye":5,"minecraft:stone_pickaxe":1,"minecraft:wooden_pickaxe":1,"minecraft:black_wool":2},"minecraft:mined":{"minecraft:diamond_ore":3,"minecraft:white_bed":3,"minecraft:attached_melon_stem":9,"minecraft:oak_sapling":1,"minecraft:farmland":1,"minecraft:deepslate_diamond_ore":45,"minecraft:jungle_leaves":23,"minecraft:obsidian":4,"minecraft:cave_vines_plant":3,"minecraft:granite":5,"minecraft:grass_block":294,"minecraft:jungle_planks":43,"minecraft:jungle_log":182,"minecraft:hay_block":33,"minecraft:magma_block":8,"minecraft:furnace":13,"minecraft:iron_ore":81,"minecraft:fire":46,"minecraft:cobbled_deepslate":6,"minecraft:andesite":16,"minecraft:pumpkin":1,"minecraft:deepslate_lapis_ore":20,"minecraft:bookshelf":9,"minecraft:potatoes":18,"minecraft:cave_vines":5,"minecraft:deepslate_iron_ore":55,"minecraft:vine":42,"minecraft:bamboo":1,"minecraft:stone":218,"minecraft:melon_stem":2,"minecraft:dandelion":3,"minecraft:crafting_table":10,"minecraft:torch":2,"minecraft:short_grass":411,"minecraft:melon":43,"minecraft:tall_grass":11,"minecraft:cobblestone":5,"minecraft:deepslate_gold_ore":16,"minecraft:lapis_ore":5,"minecraft:cyan_bed":2,"minecraft:oak_planks":3,"minecraft:sugar_cane":158,"minecraft:wall_torch":1,"minecraft:seagrass":2,"minecraft:birch_log":5,"minecraft:wheat":1,"minecraft:birch_leaves":1,"minecraft:oak_log":6,"minecraft:coal_ore":198,"minecraft:cocoa":6,"minecraft:beetroots":5,"minecraft:gravel":1,"minecraft:dirt":81,"minecraft:sand":6,"minecraft:netherrack":3,"minecraft:deepslate":42,"minecraft:oak_leaves":23,"minecraft:fern":66},"minecraft:killed_by":{"minecraft:zombie":1},"minecraft:custom":{"minecraft:mob_kills":235,"minecraft:animals_bred":2,"minecraft:interact_with_crafting_table":58,"minecraft:leave_game":8,"minecraft:time_since_death":30733,"minecraft:climb_one_cm":29940,"minecraft:sprint_one_cm":1275906,"minecraft:walk_one_cm":757889,"minecraft:damage_blocked_by_shield":1979,"minecraft:drop":55,"minecraft:talked_to_villager":278,"minecraft:play_time":426204,"minecraft:sneak_time":10002,"minecraft:deaths":2,"minecraft:walk_under_water_one_cm":42363,"minecraft:boat_one_cm":266751,"minecraft:jump":8962,"minecraft:walk_on_water_one_cm":63949,"minecraft:total_world_time":426204,"minecraft:interact_with_furnace":76,"minecraft:interact_with_cartography_table":1,"minecraft:sleep_in_bed":16,"minecraft:time_since_rest":30167,"minecraft:damage_taken":5748,"minecraft:damage_dealt":30387,"minecraft:swim_one_cm":114564,"minecraft:fly_one_cm":1902124,"minecraft:open_chest":154,"minecraft:crouch_one_cm":29283,"minecraft:fall_one_cm":240308},"minecraft:picked_up":{"minecraft:iron_chestplate":1,"minecraft:cocoa_beans":44,"minecraft:crafting_table":11,"minecraft:wheat":1,"minecraft:chicken":57,"minecraft:lead":2,"minecraft:shield":1,"minecraft:cornflower":1,"minecraft:string":23,"minecraft:iron_axe":1,"minecraft:flint_and_steel":1,"minecraft:iron_leggings":1,"minecraft:beetroot":5,"minecraft:cobbled_deepslate":56,"minecraft:beef":84,"minecraft:oak_boat":3,"minecraft:jungle_sapling":4,"minecraft:iron_nugget":11,"minecraft:iron_pickaxe":2,"minecraft:melon_slice":235,"minecraft:sugar_cane":228,"minecraft:furnace":13,"minecraft:iron_boots":1,"minecraft:egg":12,"minecraft:stick":7,"minecraft:raw_iron":142,"minecraft:torch":6,"minecraft:fire_charge":1,"minecraft:porkchop":57,"minecraft:arrow":38,"minecraft:rotten_flesh":68,"minecraft:beetroot_seeds":14,"minecraft:golden_hoe":1,"minecraft:hay_block":32,"minecraft:glow_berries":3,"minecraft:obsidian":4,"minecraft:mutton":58,"minecraft:white_wool":30,"minecraft:cobblestone":233,"minecraft:oxeye_daisy":1,"minecraft:birch_log":5,"minecraft:magma_block":3,"minecraft:jungle_boat":2,"minecraft:feather":44,"minecraft:cooked_beef":2,"minecraft:andesite":23,"minecraft:glow_ink_sac":4,"minecraft:water_bucket":1,"minecraft:jungle_log":185,"minecraft:brown_wool":2,"minecraft:leather":54,"minecraft:potato":60,"minecraft:oak_log":6,"minecraft:gunpowder":12,"minecraft:lapis_lazuli":167,"minecraft:dirt":371,"minecraft:bone":34,"minecraft:acacia_planks":1,"minecraft:apple":2,"minecraft:bow":2,"minecraft:wheat_seeds":76,"minecraft:raw_gold":16,"minecraft:iron_ingot":65,"minecraft:cooked_chicken":18,"minecraft:rabbit":1,"minecraft:bamboo":15,"minecraft:iron_sword":1,"minecraft:oak_planks":3,"minecraft:book":27,"minecraft:cooked_porkchop":12,"minecraft:pumpkin":2,"minecraft:dandelion":6,"minecraft:poisonous_potato":2,"minecraft:gravel":1,"minecraft:sand":5,"minecraft:jungle_planks":101,"minecraft:white_bed":3,"minecraft:grass_block":2,"minecraft:cyan_bed":2,"minecraft:spider_eye":5,"minecraft:sugar":2,"minecraft:diamond":47,"minecraft:iron_helmet":1,"minecraft:granite":5,"minecraft:golden_apple":1,"minecraft:gray_wool":1,"minecraft:oak_sapling":7,"minecraft:melon_seeds":50,"minecraft:black_wool":5,"minecraft:coal":245},"minecraft:killed":{"minecraft:witch":1,"minecraft:spider":19,"minecraft:skeleton":28,"minecraft:chicken":42,"minecraft:husk":7,"minecraft:pig":18,"minecraft:zombie_villager":2,"minecraft:wandering_trader":1,"minecraft:creeper":1,"minecraft:sheep":26,"minecraft:trader_llama":2,"minecraft:zombie":51,"minecraft:enderman":1,"minecraft:cow":31},"minecraft:broken":{"minecraft:iron_shovel":1,"minecraft:iron_boots":1,"minecraft:iron_axe":1,"minecraft:iron_sword":2,"minecraft:iron_pickaxe":1,"minecraft:iron_helmet":1}},"DataVersion":3700}