{"stats":{"minecraft:broken":{"minecraft:golden_helmet":2,"minecraft:iron_shovel":1,"minecraft:iron_boots":2,"minecraft:iron_sword":3,"minecraft:iron_axe":1,"minecraft:iron_pickaxe":5,"minecraft:iron_helmet":1},"minecraft:mined":{"minecraft:attached_melon_stem":9,"minecraft:white_bed":6,"minecraft:oak_sapling":1,"minecraft:farmland":1,"minecraft:jungle_leaves":31,"minecraft:obsidian":4,"minecraft:cave_vines_plant":11,"minecraft:granite":13,"minecraft:grass_block":304,"minecraft:jungle_log":210,"minecraft:spawner":1,"minecraft:smooth_stone":2,"minecraft:weeping_vines_plant":3,"minecraft:magma_block":10,"minecraft:iron_ore":167,"minecraft:cobbled_deepslate":26,"minecraft:fire":76,"minecraft:pumpkin":1,"minecraft:deepslate_lapis_ore":40,"minecraft:pointed_dripstone":36,"minecraft:cave_vines":16,"minecraft:flowering_azalea_leaves":1,"minecraft:deepslate_redstone_ore":34,"minecraft:melon_stem":2,"minecraft:crimson_nylium":24,"minecraft:clay":3,"minecraft:torch":2,"minecraft:melon":43,"minecraft:nether_quartz_ore":675,"minecraft:cobblestone":7,"minecraft:cyan_bed":2,"minecraft:sugar_cane":259,"minecraft:oak_planks":3,"minecraft:wall_torch":1,"minecraft:seagrass":2,"minecraft:birch_log":5,"minecraft:nether_wart_block":5,"minecraft:wheat":1,"minecraft:oak_log":10,"minecraft:beetroots":5,"minecraft:sand":6,"minecraft:dirt":106,"minecraft:netherrack":950,"minecraft:oak_leaves":41,"minecraft:deepslate":178,"minecraft:nether_gold_ore":24,"minecraft:diamond_ore":3,"minecraft:tuff":14,"minecraft:deepslate_diamond_ore":101,"minecraft:jungle_planks":62,"minecraft:spruce_leaves":3,"minecraft:moss_block":6,"minecraft:crimson_stem":26,"minecraft:hay_block":33,"minecraft:redstone_ore":5,"minecraft:furnace":21,"minecraft:andesite":22,"minecraft:bookshelf":12,"minecraft:potatoes":62,"minecraft:deepslate_iron_ore":224,"minecraft:vine":44,"minecraft:bamboo":5,"minecraft:stone":382,"minecraft:dandelion":3,"minecraft:crafting_table":14,"minecraft:short_grass":479,"minecraft:emerald_ore":2,"minecraft:tall_grass":15,"minecraft:lapis_ore":28,"minecraft:deepslate_gold_ore":69,"minecraft:diorite":8,"minecraft:birch_leaves":3,"minecraft:coal_ore":302,"minecraft:cocoa":6,"minecraft:gravel":2,"minecraft:dripstone_block":10,"minecraft:gold_ore":8,"minecraft:fern":71},"minecraft:killed":{"minecraft:witch":1,"minecraft:spider":37,"minecraft:skeleton":65,"minecraft:chicken":50,"minecraft:piglin":9,"minecraft:pig":24,"minecraft:zombie_villager":2,"minecraft:salmon":1,"minecraft:creeper":4,"minecraft:sheep":47,"minecraft:trader_llama":2,"minecraft:zombie":122,"minecraft:donkey":1,"minecraft:ghast":1,"minecraft:cow":41,"minecraft:horse":8,"minecraft:husk":7,"minecraft:wandering_trader":1,"minecraft:hoglin":1,"minecraft:enderman":5},"minecraft:used":{"minecraft:iron_shovel":274,"minecraft:chest":9,"minecraft:shield":131,"minecraft:iron_sword":1362,"minecraft:rotten_flesh":39,"minecraft:iron_chestplate":2,"minecraft:jungle_planks":412,"minecraft:tuff":12,"minecraft:axolotl_bucket":1,"minecraft:jungle_sapling":1,"minecraft:lava_bucket":2,"minecraft:grass_block":1,"minecraft:iron_helmet":1,"minecraft:furnace":16,"minecraft:oak_sapling":1,"minecraft:beetroot_seeds":4,"minecraft:egg":25,"minecraft:potato":111,"minecraft:oak_planks":11,"minecraft:stone_pickaxe":80,"minecraft:ender_pearl":1,"minecraft:wooden_pickaxe":18,"minecraft:sugar_cane":88,"minecraft:jungle_boat":3,"minecraft:white_wool":4,"minecraft:glow_berries":11,"minecraft:golden_hoe":48,"minecraft:blast_furnace":3,"minecraft:dripstone_block":3,"minecraft:melon_slice":84,"minecraft:cyan_bed":1,"minecraft:bread":5,"minecraft:golden_helmet":2,"minecraft:nether_wart_block":2,"minecraft:diamond_sword":118,"minecraft:grindstone":1,"minecraft:andesite":6,"minecraft:oak_boat":3,"minecraft:bone_meal":60,"minecraft:enchanting_table":1,"minecraft:stone_sword":141,"minecraft:flint_and_steel":2,"minecraft:tropical_fish":1,"minecraft:wooden_shovel":13,"minecraft:cooked_chicken":44,"minecraft:netherrack":420,"minecraft:torch":250,"minecraft:dirt":256,"minecraft:granite":5,"minecraft:iron_hoe":79,"minecraft:bookshelf":30,"minecraft:iron_axe":492,"minecraft:jungle_log":1,"minecraft:iron_boots":2,"minecraft:crimson_planks":27,"minecraft:melon_seeds":33,"minecraft:cooked_beef":39,"minecraft:cobbled_deepslate":191,"minecraft:iron_leggings":1,"minecraft:pointed_dripstone":5,"minecraft:wheat_seeds":23,"minecraft:cooked_mutton":64,"minecraft:water_bucket":108,"minecraft:birch_planks":5,"minecraft:baked_potato":52,"minecraft:crafting_table":21,"minecraft:white_bed":8,"minecraft:smoker":3,"minecraft:diamond_pickaxe":1527,"minecraft:iron_pickaxe":1823,"minecraft:stone_slab":5,"minecraft:stone_axe":65,"minecraft:cobblestone":303,"minecraft:porkchop":2,"minecraft:cooked_porkchop":5,"minecraft:jungle_door":1,"minecraft:bucket":119,"minecraft:smooth_stone":2},"minecraft:picked_up":{"minecraft:iron_chestplate":1,"minecraft:wheat":1,"minecraft:lead":2,"minecraft:golden_sword":1,"minecraft:string":55,"minecraft:iron_leggings":1,"minecraft:beetroot":5,"minecraft:cobbled_deepslate":210,"minecraft:gold_nugget":93,"minecraft:smooth_stone":3,"minecraft:azalea":3,"minecraft:iron_pickaxe":2,"minecraft:melon_slice":235,"minecraft:iron_boots":1,"minecraft:furnace":21,"minecraft:stick":9,"minecraft:torch":17,"minecraft:porkchop":70,"minecraft:pointed_dripstone":61,"minecraft:diorite":7,"minecraft:rotten_flesh":132,"minecraft:tropical_fish":3,"minecraft:obsidian":4,"minecraft:cobblestone":400,"minecraft:birch_log":7,"minecraft:magma_block":4,"minecraft:feather":48,"minecraft:cooked_beef":2,"minecraft:water_bucket":1,"minecraft:andesite":29,"minecraft:jungle_log":212,"minecraft:brown_wool":3,"minecraft:potato":205,"minecraft:flint":1,"minecraft:tuff":13,"minecraft:lapis_lazuli":446,"minecraft:dirt":441,"minecraft:bone":69,"minecraft:acacia_planks":1,"minecraft:bow":3,"minecraft:wheat_seeds":90,"minecraft:raw_gold":86,"minecraft:rabbit":1,"minecraft:bamboo":28,"minecraft:powered_rail":5,"minecraft:moss_block":15,"minecraft:oak_planks":3,"minecraft:cooked_porkchop":12,"minecraft:jungle_planks":119,"minecraft:poisonous_potato":4,"minecraft:sand":5,"minecraft:ink_sac":4,"minecraft:cyan_bed":2,"minecraft:grass_block":3,"minecraft:sugar":2,"minecraft:diamond":130,"minecraft:crossbow":1,"minecraft:granite":13,"minecraft:bone_meal":1,"minecraft:golden_apple":1,"minecraft:emerald":2,"minecraft:oak_sapling":8,"minecraft:netherrack":811,"minecraft:crimson_roots":4,"minecraft:diamond_pickaxe":1,"minecraft:cocoa_beans":47,"minecraft:crafting_table":14,"minecraft:chicken":64,"minecraft:clay_ball":12,"minecraft:chest_minecart":1,"minecraft:shield":1,"minecraft:cornflower":1,"minecraft:moss_carpet":3,"minecraft:iron_axe":2,"minecraft:flint_and_steel":1,"minecraft:beef":102,"minecraft:oak_boat":3,"minecraft:jungle_sapling":4,"minecraft:iron_nugget":11,"minecraft:light_gray_wool":1,"minecraft:sugar_cane":348,"minecraft:egg":34,"minecraft:raw_iron":475,"minecraft:fire_charge":1,"minecraft:redstone":215,"minecraft:weeping_vines":5,"minecraft:arrow":76,"minecraft:beetroot_seeds":14,"minecraft:golden_hoe":1,"minecraft:hay_block":32,"minecraft:saddle":1,"minecraft:glow_berries":20,"minecraft:mutton":92,"minecraft:white_wool":46,"minecraft:oxeye_daisy":1,"minecraft:jungle_boat":2,"minecraft:glow_ink_sac":11,"minecraft:crimson_stem":26,"minecraft:salmon":1,"minecraft:leather":73,"minecraft:oak_log":12,"minecraft:nether_wart_block":5,"minecraft:golden_boots":1,"minecraft:gunpowder":16,"minecraft:cooked_mutton":6,"minecraft:apple":2,"minecraft:iron_ingot":70,"minecraft:cooked_chicken":18,"minecraft:iron_sword":1,"minecraft:book":36,"minecraft:pumpkin":2,"minecraft:quartz":639,"minecraft:dandelion":6,"minecraft:dripstone_block":10,"minecraft:gravel":1,"minecraft:white_bed":6,"minecraft:spider_eye":7,"minecraft:iron_helmet":1,"minecraft:gray_wool":1,"minecraft:black_wool":7,"minecraft:melon_seeds":52,"minecraft:coal":597,"minecraft:ender_pearl":3},"minecraft:dropped":{"minecraft:cooked_beef":10,"minecraft:diamond":40,"minecraft:jungle_planks":15,"minecraft:saddle":1,"minecraft:flint":4,"minecraft:dirt":46,"minecraft:cornflower":1,"minecraft:axolotl_bucket":1,"minecraft:iron_pickaxe":1,"minecraft:bone":5,"minecraft:stone_axe":1,"minecraft:cooked_chicken":16,"minecraft:cobbled_deepslate":19,"minecraft:rotten_flesh":12,"minecraft:gunpowder":2,"minecraft:melon_seeds":2,"minecraft:jungle_log":2,"minecraft:netherrack":125,"minecraft:bread":1,"minecraft:wheat_seeds":21,"minecraft:poisonous_potato":2,"minecraft:feather":5,"minecraft:cobblestone":37,"minecraft:granite":4,"minecraft:grass_block":1,"minecraft:stick":2,"minecraft:oxeye_daisy":1,"minecraft:ink_sac":1,"minecraft:torch":1,"minecraft:brown_wool":1,"minecraft:jungle_door":2,"minecraft:iron_axe":1,"minecraft:string":4,"minecraft:acacia_planks":1,"minecraft:dandelion":3,"minecraft:redstone":64,"minecraft:chicken":1,"minecraft:light_gray_wool":1,"minecraft:diamond_pickaxe":2,"minecraft:andesite":15,"minecraft:oak_sapling":1,"minecraft:spider_eye":5,"minecraft:bamboo":6,"minecraft:stone_pickaxe":1,"minecraft:wooden_pickaxe":1,"minecraft:black_wool":2},"minecraft:killed_by":{"minecraft:zombie":1},"minecraft:custom":{"minecraft:animals_bred":6,"minecraft:interact_with_crafting_table":129,"minecraft:leave_game":14,"minecraft:time_since_death":185828,"minecraft:sprint_one_cm":2541358,"minecraft:damage_blocked_by_shield":6004,"minecraft:drop":106,"minecraft:talked_to_villager":278,"minecraft:play_time":762038,"minecraft:deaths":3,"minecraft:jump":18438,"minecraft:walk_on_water_one_cm":141635,"minecraft:enchant_item":6,"minecraft:interact_with_furnace":212,"minecraft:interact_with_cartography_table":1,"minecraft:sleep_in_bed":22,"minecraft:damage_dealt":64489,"minecraft:crouch_one_cm":82989,"minecraft:interact_with_smoker":29,"minecraft:use_cauldron":1,"minecraft:horse_one_cm":285,"minecraft:mob_kills":437,"minecraft:climb_one_cm":46487,"minecraft:walk_one_cm":1272559,"minecraft:sneak_time":29031,"minecraft:walk_under_water_one_cm":91832,"minecraft:boat_one_cm":266751,"minecraft:interact_with_blast_furnace":60,"minecraft:total_world_time":762038,"minecraft:interact_with_grindstone":4,"minecraft:time_since_rest":48090,"minecraft:damage_taken":12886,"minecraft:swim_one_cm":289767,"minecraft:fly_one_cm":3650509,"minecraft:open_chest":363,"minecraft:fall_one_cm":508935},"minecraft:crafted":{"minecraft:grindstone":1,"minecraft:oak_planks":36,"minecraft:smooth_stone":19,"minecraft:cooked_chicken":40,"minecraft:stone":48,"minecraft:bookshelf":30,"minecraft:cooked_mutton":72,"minecraft:quartz_block":89,"minecraft:iron_boots":3,"minecraft:melon_seeds":33,"minecraft:chest":9,"minecraft:smoker":3,"minecraft:wooden_shovel":1,"minecraft:cooked_porkchop":17,"minecraft:crafting_table":10,"minecraft:jungle_boat":2,"minecraft:iron_helmet":2,"minecraft:wooden_pickaxe":1,"minecraft:baked_potato":92,"minecraft:birch_planks":28,"minecraft:iron_chestplate":3,"minecraft:book":58,"minecraft:paper":195,"minecraft:diamond_pickaxe":4,"minecraft:shield":3,"minecraft:stick":136,"minecraft:stone_slab":6,"minecraft:iron_ingot":259,"minecraft:iron_pickaxe":11,"minecraft:stone_sword":1,"minecraft:gold_ingot":49,"minecraft:smooth_stone_slab":6,"minecraft:furnace":5,"minecraft:blast_furnace":3,"minecraft:bone_meal":60,"minecraft:iron_axe":6,"minecraft:iron_hoe":1,"minecraft:stone_pickaxe":1,"minecraft:golden_helmet":2,"minecraft:cooked_beef":67,"minecraft:sugar":32,"minecraft:crimson_planks":28,"minecraft:diamond_sword":2,"minecraft:enchanting_table":1,"minecraft:iron_sword":7,"minecraft:bucket":8,"minecraft:stone_axe":1,"minecraft:air":0,"minecraft:jungle_planks":724,"minecraft:jungle_door":3,"minecraft:iron_shovel":1,"minecraft:iron_leggings":3,"minecraft:white_bed":2,"minecraft:torch":272}},"DataVersion":3700}