{"stats":{"minecraft:killed_by":{"minecraft:zombie_villager":1,"minecraft:skeleton":1},"minecraft:crafted":{"minecraft:oak_planks":1156,"minecraft:cooked_chicken":12,"minecraft:furnace":2,"minecraft:bone_meal":18,"minecraft:bookshelf":16,"minecraft:cooked_mutton":33,"minecraft:bow":2,"minecraft:iron_boots":1,"minecraft:iron_axe":3,"minecraft:stone_pickaxe":2,"minecraft:chest":4,"minecraft:oak_button":1,"minecraft:cooked_beef":45,"minecraft:crossbow":20,"minecraft:emerald":44,"minecraft:cooked_porkchop":42,"minecraft:enchanting_table":1,"minecraft:crafting_table":4,"minecraft:wooden_pickaxe":2,"minecraft:iron_helmet":1,"minecraft:iron_sword":2,"minecraft:bucket":1,"minecraft:bread":3,"minecraft:air":0,"minecraft:oak_boat":1,"minecraft:diamond_pickaxe":1,"minecraft:iron_chestplate":1,"minecraft:book":50,"minecraft:paper":150,"minecraft:shield":1,"minecraft:stick":1884,"minecraft:iron_ingot":48,"minecraft:iron_pickaxe":3,"minecraft:stone_sword":1,"minecraft:iron_shovel":5,"minecraft:white_bed":1},"minecraft:broken":{"minecraft:iron_shovel":4,"minecraft:leather_leggings":1,"minecraft:iron_axe":3,"minecraft:iron_sword":1,"minecraft:iron_pickaxe":2,"minecraft:iron_helmet":1},"minecraft:dropped":{"minecraft:iron_sword":1,"minecraft:wheat_seeds":38,"minecraft:lapis_lazuli":64,"minecraft:diamond":31,"minecraft:granite":1,"minecraft:coal":13,"minecraft:flint":2,"minecraft:dirt":297,"minecraft:diorite":1,"minecraft:oak_stairs":2,"minecraft:string":4,"minecraft:white_wool":1,"minecraft:dandelion":6,"minecraft:stone_sword":1,"minecraft:cobbled_deepslate":1,"minecraft:raw_iron":90,"minecraft:chicken":2,"minecraft:rotten_flesh":27,"minecraft:cooked_mutton":4,"minecraft:azure_bluet":1,"minecraft:shield":1,"minecraft:oak_button":1,"minecraft:gunpowder":2,"minecraft:beetroot_seeds":3,"minecraft:oak_sapling":2,"minecraft:spider_eye":2,"minecraft:wooden_pickaxe":2,"minecraft:stone_pickaxe":2,"minecraft:egg":2},"minecraft:killed":{"minecraft:witch":2,"minecraft:spider":14,"minecraft:horse":9,"minecraft:skeleton":16,"minecraft:chicken":23,"minecraft:turtle":1,"minecraft:pig":25,"minecraft:zombie_villager":1,"minecraft:wandering_trader":1,"minecraft:creeper":2,"minecraft:sheep":24,"minecraft:trader_llama":2,"minecraft:zombie":28,"minecraft:cow":24},"minecraft:picked_up":{"minecraft:crafting_table":4,"minecraft:wheat":48,"minecraft:azure_bluet":1,"minecraft:chicken":24,"minecraft:lead":2,"minecraft:wooden_pickaxe":2,"minecraft:oak_stairs":4,"minecraft:brewing_stand":2,"minecraft:shield":1,"minecraft:string":18,"minecraft:white_carpet":1,"minecraft:beetroot":8,"minecraft:cartography_table":1,"minecraft:cobbled_deepslate":47,"minecraft:beef":56,"minecraft:poppy":2,"minecraft:sugar_cane":358,"minecraft:furnace":4,"minecraft:egg":8,"minecraft:stick":20,"minecraft:raw_iron":253,"minecraft:sandstone":1,"minecraft:composter":4,"minecraft:oak_fence":1,"minecraft:torch":4,"minecraft:porkchop":57,"minecraft:diorite":12,"minecraft:carrot":31,"minecraft:cauldron":1,"minecraft:rotten_flesh":35,"minecraft:arrow":23,"minecraft:beetroot_seeds":23,"minecraft:obsidian":9,"minecraft:mutton":35,"minecraft:white_wool":21,"minecraft:cobblestone":145,"minecraft:stripped_oak_log":48,"minecraft:magma_block":3,"minecraft:feather":25,"minecraft:glow_ink_sac":2,"minecraft:andesite":9,"minecraft:brown_wool":2,"minecraft:leather":43,"minecraft:potato":34,"minecraft:flint":2,"minecraft:tuff":3,"minecraft:oak_log":308,"minecraft:yellow_bed":3,"minecraft:gunpowder":2,"minecraft:cobblestone_stairs":1,"minecraft:lapis_lazuli":246,"minecraft:dirt":1402,"minecraft:bone":24,"minecraft:apple":3,"minecraft:stonecutter":1,"minecraft:bow":1,"minecraft:wheat_seeds":143,"minecraft:raw_gold":3,"minecraft:iron_ingot":32,"minecraft:stone_pickaxe":2,"minecraft:iron_sword":1,"minecraft:oak_planks":8,"minecraft:dandelion":6,"minecraft:poisonous_potato":1,"minecraft:sand":19,"minecraft:ink_sac":3,"minecraft:white_bed":5,"minecraft:spider_eye":5,"minecraft:sugar":2,"minecraft:diamond":68,"minecraft:granite":15,"minecraft:oak_sapling":20,"minecraft:coal":167},"minecraft:custom":{"minecraft:mob_kills":186,"minecraft:animals_bred":5,"minecraft:interact_with_crafting_table":56,"minecraft:leave_game":3,"minecraft:time_since_death":270040,"minecraft:climb_one_cm":45620,"minecraft:sprint_one_cm":1212054,"minecraft:walk_one_cm":473944,"minecraft:damage_blocked_by_shield":2311,"minecraft:drop":57,"minecraft:talked_to_villager":93,"minecraft:play_time":288544,"minecraft:sneak_time":14357,"minecraft:deaths":2,"minecraft:walk_under_water_one_cm":29709,"minecraft:jump":8044,"minecraft:walk_on_water_one_cm":42539,"minecraft:total_world_time":288544,"minecraft:interact_with_furnace":69,"minecraft:traded_with_villager":66,"minecraft:sleep_in_bed":6,"minecraft:time_since_rest":8137,"minecraft:damage_taken":5093,"minecraft:damage_dealt":24281,"minecraft:swim_one_cm":88064,"minecraft:fly_one_cm":1723882,"minecraft:open_chest":130,"minecraft:crouch_one_cm":39454,"minecraft:fall_one_cm":195802,"minecraft:horse_one_cm":6983},"minecraft:used":{"minecraft:oak_fence":1,"minecraft:stone_sword":1,"minecraft:iron_shovel":1145,"minecraft:chest":4,"minecraft:shield":57,"minecraft:iron_sword":340,"minecraft:cooked_chicken":8,"minecraft:rotten_flesh":3,"minecraft:iron_chestplate":1,"minecraft:torch":1,"minecraft:dirt":225,"minecraft:white_carpet":1,"minecraft:carrot":7,"minecraft:tuff":1,"minecraft:granite":13,"minecraft:iron_axe":573,"minecraft:oak_stairs":2,"minecraft:iron_helmet":1,"minecraft:iron_boots":1,"minecraft:magma_block":2,"minecraft:oak_sapling":16,"minecraft:furnace":6,"minecraft:egg":2,"minecraft:cooked_beef":33,"minecraft:potato":7,"minecraft:cobbled_deepslate":46,"minecraft:wheat_seeds":56,"minecraft:cooked_mutton":19,"minecraft:water_bucket":54,"minecraft:diorite":10,"minecraft:oak_planks":20,"minecraft:stone_pickaxe":88,"minecraft:sandstone":1,"minecraft:wooden_pickaxe":41,"minecraft:sugar_cane":80,"minecraft:crafting_table":8,"minecraft:white_bed":6,"minecraft:diamond_pickaxe":49,"minecraft:string":2,"minecraft:bread":16,"minecraft:iron_pickaxe":497,"minecraft:cobblestone":79,"minecraft:cooked_porkchop":15,"minecraft:andesite":8,"minecraft:bucket":55,"minecraft:yellow_bed":3},"minecraft:mined":{"minecraft:tuff":2,"minecraft:white_bed":5,"minecraft:deepslate_diamond_ore":38,"minecraft:cobblestone_stairs":1,"minecraft:brewing_stand":2,"minecraft:obsidian":9,"minecraft:granite":13,"minecraft:grass_block":634,"minecraft:cartography_table":1,"minecraft:composter":4,"minecraft:sandstone":1,"minecraft:magma_block":3,"minecraft:furnace":4,"minecraft:carrots":13,"minecraft:iron_ore":82,"minecraft:cobbled_deepslate":1,"minecraft:andesite":9,"minecraft:deepslate_lapis_ore":23,"minecraft:azure_bluet":1,"minecraft:potatoes":10,"minecraft:deepslate_iron_ore":82,"minecraft:water_cauldron":1,"minecraft:dirt_path":4,"minecraft:stripped_oak_log":48,"minecraft:stone":161,"minecraft:dandelion":6,"minecraft:oak_fence":1,"minecraft:crafting_table":4,"minecraft:short_grass":101,"minecraft:tall_grass":24,"minecraft:lapis_ore":5,"minecraft:deepslate_gold_ore":3,"minecraft:sugar_cane":183,"minecraft:oak_planks":5,"minecraft:diorite":11,"minecraft:wall_torch":1,"minecraft:wheat":51,"minecraft:white_carpet":1,"minecraft:yellow_bed":3,"minecraft:oak_log":311,"minecraft:coal_ore":142,"minecraft:beetroots":9,"minecraft:gravel":12,"minecraft:sand":20,"minecraft:dirt":477,"minecraft:stonecutter":2,"minecraft:oak_leaves":19,"minecraft:deepslate":37}},"DataVersion":3700}