{"stats":{"minecraft:killed":{"minecraft:pig":5,"minecraft:witch":1,"minecraft:spider":4,"minecraft:wandering_trader":1,"minecraft:skeleton":2,"minecraft:sheep":8,"minecraft:trader_llama":2,"minecraft:zombie":12,"minecraft:chicken":26,"minecraft:cow":10},"minecraft:picked_up":{"minecraft:cocoa_beans":44,"minecraft:crafting_table":3,"minecraft:feather":21,"minecraft:cooked_beef":2,"minecraft:chicken":26,"minecraft:andesite":1,"minecraft:jungle_log":101,"minecraft:leather":19,"minecraft:lead":2,"minecraft:oak_log":6,"minecraft:dirt":272,"minecraft:lapis_lazuli":35,"minecraft:cornflower":1,"minecraft:string":6,"minecraft:bone":3,"minecraft:acacia_planks":1,"minecraft:apple":1,"minecraft:wheat_seeds":34,"minecraft:iron_ingot":65,"minecraft:beef":21,"minecraft:cooked_chicken":16,"minecraft:jungle_sapling":1,"minecraft:melon_slice":66,"minecraft:oak_planks":3,"minecraft:furnace":9,"minecraft:egg":11,"minecraft:stick":5,"minecraft:raw_iron":45,"minecraft:cooked_porkchop":12,"minecraft:torch":3,"minecraft:dandelion":3,"minecraft:porkchop":9,"minecraft:jungle_planks":36,"minecraft:white_bed":2,"minecraft:arrow":2,"minecraft:sugar":2,"minecraft:rotten_flesh":13,"minecraft:diamond":3,"minecraft:gray_wool":1,"minecraft:oak_sapling":4,"minecraft:black_wool":1,"minecraft:mutton":14,"minecraft:coal":63,"minecraft:white_wool":6,"minecraft:cobblestone":134,"minecraft:oxeye_daisy":1},"minecraft:crafted":{"minecraft:cooked_beef":9,"minecraft:oak_planks":24,"minecraft:crafting_table":3,"minecraft:iron_helmet":1,"minecraft:wooden_pickaxe":1,"minecraft:cooked_chicken":16,"minecraft:iron_sword":2,"minecraft:furnace":2,"minecraft:bucket":2,"minecraft:stone_axe":1,"minecraft:cooked_mutton":14,"minecraft:air":0,"minecraft:jungle_planks":384,"minecraft:jungle_door":3,"minecraft:iron_boots":1,"minecraft:iron_chestplate":1,"minecraft:iron_axe":2,"minecraft:melon_seeds":32,"minecraft:stick":28,"minecraft:iron_ingot":33,"minecraft:iron_pickaxe":2,"minecraft:stone_pickaxe":1,"minecraft:stone_sword":1,"minecraft:iron_leggings":1,"minecraft:chest":7,"minecraft:iron_shovel":1,"minecraft:white_bed":2,"minecraft:torch":48},"minecraft:dropped":{"minecraft:stone_axe":1,"minecraft:wheat_seeds":10,"minecraft:cooked_chicken":16,"minecraft:cooked_beef":10,"minecraft:chicken":1,"minecraft:feather":1,"minecraft:stick":2,"minecraft:oxeye_daisy":1,"minecraft:cornflower":1,"minecraft:acacia_planks":1,"minecraft:dandelion":3},"minecraft:used":{"minecraft:cooked_mutton":8,"minecraft:stone_sword":141,"minecraft:water_bucket":20,"minecraft:iron_shovel":274,"minecraft:stone_pickaxe":80,"minecraft:oak_planks":3,"minecraft:chest":7,"minecraft:wooden_pickaxe":18,"minecraft:iron_sword":102,"minecraft:cooked_chicken":16,"minecraft:iron_chestplate":1,"minecraft:torch":43,"minecraft:golden_hoe":35,"minecraft:dirt":36,"minecraft:crafting_table":6,"minecraft:jungle_planks":276,"minecraft:white_bed":4,"minecraft:jungle_sapling":1,"minecraft:iron_axe":160,"minecraft:iron_pickaxe":131,"minecraft:iron_helmet":1,"minecraft:iron_boots":1,"minecraft:melon_seeds":32,"minecraft:stone_axe":65,"minecraft:cobblestone":107,"minecraft:oak_sapling":1,"minecraft:furnace":9,"minecraft:jungle_door":1,"minecraft:bucket":21,"minecraft:egg":6,"minecraft:cooked_beef":1},"minecraft:broken":{"minecraft:iron_shovel":1},"minecraft:mined":{"minecraft:diamond_ore":3,"minecraft:white_bed":2,"minecraft:oak_sapling":1,"minecraft:jungle_leaves":7,"minecraft:crafting_table":3,"minecraft:torch":2,"minecraft:short_grass":199,"minecraft:grass_block":225,"minecraft:melon":14,"minecraft:jungle_planks":36,"minecraft:jungle_log":98,"minecraft:tall_grass":3,"minecraft:cobblestone":4,"minecraft:lapis_ore":5,"minecraft:oak_planks":3,"minecraft:furnace":9,"minecraft:iron_ore":36,"minecraft:fire":45,"minecraft:andesite":1,"minecraft:oak_log":6,"minecraft:coal_ore":29,"minecraft:cocoa":6,"minecraft:vine":23,"minecraft:dirt":52,"minecraft:stone":130,"minecraft:oak_leaves":17,"minecraft:fern":13},"minecraft:custom":{"minecraft:interact_with_furnace":41,"minecraft:mob_kills":72,"minecraft:animals_bred":2,"minecraft:interact_with_crafting_table":26,"minecraft:leave_game":1,"minecraft:time_since_death":112105,"minecraft:sleep_in_bed":8,"minecraft:climb_one_cm":2400,"minecraft:time_since_rest":7565,"minecraft:sprint_one_cm":320414,"minecraft:damage_taken":946,"minecraft:walk_one_cm":269455,"minecraft:drop":23,"minecraft:damage_dealt":7566,"minecraft:talked_to_villager":2,"minecraft:swim_one_cm":314,"minecraft:fly_one_cm":607838,"minecraft:open_chest":54,"minecraft:crouch_one_cm":11976,"minecraft:play_time":112105,"minecraft:sneak_time":3397,"minecraft:walk_under_water_one_cm":224,"minecraft:jump":2608,"minecraft:walk_on_water_one_cm":745,"minecraft:total_world_time":112105,"minecraft:fall_one_cm":74363}},"DataVersion":3700}