{"stats":{"minecraft:killed_by":{"minecraft:zombie_villager":1,"minecraft:skeleton":1},"minecraft:crafted":{"minecraft:grindstone":1,"minecraft:smooth_stone":12,"minecraft:oak_planks":1412,"minecraft:smooth_stone_slab":6,"minecraft:cooked_chicken":12,"minecraft:furnace":2,"minecraft:stone":20,"minecraft:bone_meal":63,"minecraft:bookshelf":29,"minecraft:cooked_mutton":33,"minecraft:bow":2,"minecraft:iron_boots":1,"minecraft:iron_axe":3,"minecraft:stone_pickaxe":2,"minecraft:chest":4,"minecraft:oak_button":1,"minecraft:wheat":45,"minecraft:cooked_beef":96,"minecraft:crossbow":20,"minecraft:diamond_sword":1,"minecraft:emerald":44,"minecraft:cooked_porkchop":69,"minecraft:crafting_table":4,"minecraft:enchanting_table":1,"minecraft:wooden_pickaxe":2,"minecraft:iron_helmet":1,"minecraft:iron_sword":2,"minecraft:bucket":1,"minecraft:bread":3,"minecraft:air":0,"minecraft:oak_boat":20,"minecraft:wooden_hoe":1,"minecraft:iron_chestplate":1,"minecraft:book":85,"minecraft:paper":258,"minecraft:diamond_pickaxe":1,"minecraft:shield":1,"minecraft:stick":1888,"minecraft:stone_slab":6,"minecraft:iron_ingot":163,"minecraft:iron_pickaxe":3,"minecraft:stone_sword":1,"minecraft:iron_shovel":5,"minecraft:white_bed":1},"minecraft:broken":{"minecraft:iron_shovel":4,"minecraft:leather_leggings":1,"minecraft:iron_boots":1,"minecraft:iron_axe":3,"minecraft:iron_sword":1,"minecraft:iron_pickaxe":2,"minecraft:iron_helmet":1},"minecraft:dropped":{"minecraft:iron_sword":1,"minecraft:wheat_seeds":108,"minecraft:lapis_lazuli":64,"minecraft:diamond":31,"minecraft:granite":1,"minecraft:coal":13,"minecraft:flint":2,"minecraft:dirt":297,"minecraft:diorite":2,"minecraft:wooden_hoe":2,"minecraft:oak_stairs":2,"minecraft:string":6,"minecraft:white_wool":1,"minecraft:dandelion":6,"minecraft:stone_sword":1,"minecraft:cobbled_deepslate":1,"minecraft:raw_iron":90,"minecraft:chicken":2,"minecraft:rotten_flesh":34,"minecraft:cooked_mutton":4,"minecraft:azure_bluet":1,"minecraft:carrot":3,"minecraft:shield":1,"minecraft:gunpowder":2,"minecraft:oak_button":1,"minecraft:beetroot_seeds":6,"minecraft:oak_boat":19,"minecraft:oak_sapling":2,"minecraft:spider_eye":4,"minecraft:arrow":12,"minecraft:stone_pickaxe":2,"minecraft:wooden_pickaxe":2,"minecraft:egg":2},"minecraft:killed":{"minecraft:witch":2,"minecraft:spider":15,"minecraft:skeleton":16,"minecraft:horse":10,"minecraft:chicken":23,"minecraft:turtle":1,"minecraft:pig":30,"minecraft:zombie_villager":1,"minecraft:wandering_trader":1,"minecraft:creeper":2,"minecraft:sheep":27,"minecraft:trader_llama":2,"minecraft:zombie":31,"minecraft:donkey":1,"minecraft:cow":57},"minecraft:picked_up":{"minecraft:crafting_table":4,"minecraft:wheat":128,"minecraft:azure_bluet":1,"minecraft:chicken":24,"minecraft:lead":2,"minecraft:wooden_pickaxe":2,"minecraft:oak_stairs":4,"minecraft:brewing_stand":2,"minecraft:shield":1,"minecraft:string":20,"minecraft:white_carpet":1,"minecraft:beetroot":10,"minecraft:cartography_table":1,"minecraft:cobbled_deepslate":47,"minecraft:beef":111,"minecraft:oak_boat":3,"minecraft:poppy":2,"minecraft:sugar_cane":436,"minecraft:furnace":4,"minecraft:egg":8,"minecraft:stick":20,"minecraft:raw_iron":263,"minecraft:sandstone":1,"minecraft:composter":4,"minecraft:oak_fence":1,"minecraft:torch":6,"minecraft:porkchop":69,"minecraft:diorite":12,"minecraft:carrot":109,"minecraft:cauldron":1,"minecraft:arrow":25,"minecraft:rotten_flesh":42,"minecraft:beetroot_seeds":29,"minecraft:hay_block":5,"minecraft:obsidian":9,"minecraft:mutton":39,"minecraft:white_wool":23,"minecraft:cobblestone":155,"minecraft:stripped_oak_log":48,"minecraft:magma_block":3,"minecraft:feather":25,"minecraft:glow_ink_sac":2,"minecraft:andesite":11,"minecraft:brown_wool":3,"minecraft:leather":75,"minecraft:potato":77,"minecraft:flint":2,"minecraft:tuff":3,"minecraft:oak_log":308,"minecraft:yellow_bed":3,"minecraft:gunpowder":2,"minecraft:cobblestone_stairs":1,"minecraft:wooden_hoe":1,"minecraft:lapis_lazuli":246,"minecraft:dirt":1402,"minecraft:bone":25,"minecraft:apple":3,"minecraft:bow":1,"minecraft:stonecutter":1,"minecraft:wheat_seeds":357,"minecraft:raw_gold":3,"minecraft:stone_pickaxe":2,"minecraft:iron_ingot":32,"minecraft:iron_sword":1,"minecraft:oak_planks":8,"minecraft:book":3,"minecraft:dandelion":6,"minecraft:poisonous_potato":1,"minecraft:sand":19,"minecraft:blast_furnace":2,"minecraft:ink_sac":3,"minecraft:white_bed":5,"minecraft:spider_eye":5,"minecraft:mossy_cobblestone":2,"minecraft:sugar":2,"minecraft:diamond":68,"minecraft:granite":15,"minecraft:oak_sapling":20,"minecraft:coal":175},"minecraft:custom":{"minecraft:mob_kills":233,"minecraft:animals_bred":27,"minecraft:interact_with_crafting_table":72,"minecraft:leave_game":4,"minecraft:time_since_death":353695,"minecraft:climb_one_cm":71437,"minecraft:sprint_one_cm":1490921,"minecraft:walk_one_cm":550619,"minecraft:damage_blocked_by_shield":2321,"minecraft:drop":112,"minecraft:talked_to_villager":94,"minecraft:play_time":372199,"minecraft:sneak_time":15479,"minecraft:deaths":2,"minecraft:walk_under_water_one_cm":31919,"minecraft:jump":10072,"minecraft:enchant_item":2,"minecraft:walk_on_water_one_cm":50807,"minecraft:total_world_time":372199,"minecraft:interact_with_furnace":102,"minecraft:traded_with_villager":66,"minecraft:interact_with_grindstone":1,"minecraft:sleep_in_bed":10,"minecraft:time_since_rest":4073,"minecraft:damage_taken":5743,"minecraft:damage_dealt":28092,"minecraft:swim_one_cm":97438,"minecraft:fly_one_cm":2241529,"minecraft:open_chest":195,"minecraft:crouch_one_cm":43078,"minecraft:fall_one_cm":245370,"minecraft:horse_one_cm":6983},"minecraft:used":{"minecraft:oak_fence":1,"minecraft:stone_sword":1,"minecraft:enchanting_table":1,"minecraft:iron_shovel":1145,"minecraft:chest":4,"minecraft:shield":58,"minecraft:iron_sword":407,"minecraft:cooked_chicken":8,"minecraft:rotten_flesh":3,"minecraft:iron_chestplate":1,"minecraft:torch":3,"minecraft:dirt":225,"minecraft:white_carpet":1,"minecraft:carrot":11,"minecraft:tuff":1,"minecraft:granite":13,"minecraft:bookshelf":28,"minecraft:iron_axe":573,"minecraft:oak_stairs":2,"minecraft:iron_helmet":1,"minecraft:iron_boots":1,"minecraft:magma_block":2,"minecraft:beef":1,"minecraft:oak_sapling":16,"minecraft:furnace":6,"minecraft:egg":2,"minecraft:potato":7,"minecraft:cooked_beef":44,"minecraft:cobbled_deepslate":46,"minecraft:wheat_seeds":220,"minecraft:cooked_mutton":19,"minecraft:water_bucket":54,"minecraft:diorite":10,"minecraft:oak_planks":22,"minecraft:stone_pickaxe":88,"minecraft:wooden_pickaxe":41,"minecraft:sandstone":1,"minecraft:sugar_cane":80,"minecraft:mossy_cobblestone":2,"minecraft:blast_furnace":2,"minecraft:crafting_table":8,"minecraft:white_bed":6,"minecraft:wooden_hoe":29,"minecraft:diamond_pickaxe":86,"minecraft:iron_pickaxe":497,"minecraft:string":2,"minecraft:bread":21,"minecraft:stone_slab":5,"minecraft:diamond_sword":16,"minecraft:cobblestone":109,"minecraft:grindstone":1,"minecraft:cooked_porkchop":15,"minecraft:andesite":8,"minecraft:bucket":55,"minecraft:yellow_bed":3,"minecraft:bone_meal":63},"minecraft:mined":{"minecraft:tuff":2,"minecraft:white_bed":5,"minecraft:mossy_cobblestone":2,"minecraft:deepslate_diamond_ore":38,"minecraft:cobblestone_stairs":1,"minecraft:brewing_stand":2,"minecraft:obsidian":9,"minecraft:granite":13,"minecraft:grass_block":634,"minecraft:composter":4,"minecraft:cartography_table":1,"minecraft:sandstone":1,"minecraft:hay_block":5,"minecraft:magma_block":3,"minecraft:furnace":4,"minecraft:carrots":34,"minecraft:iron_ore":91,"minecraft:cobbled_deepslate":1,"minecraft:andesite":11,"minecraft:deepslate_lapis_ore":23,"minecraft:azure_bluet":1,"minecraft:bookshelf":1,"minecraft:potatoes":23,"minecraft:dirt_path":4,"minecraft:deepslate_iron_ore":83,"minecraft:water_cauldron":1,"minecraft:stripped_oak_log":48,"minecraft:stone":164,"minecraft:dandelion":6,"minecraft:oak_fence":1,"minecraft:crafting_table":4,"minecraft:short_grass":117,"minecraft:blast_furnace":2,"minecraft:tall_grass":25,"minecraft:cobblestone":10,"minecraft:deepslate_gold_ore":3,"minecraft:lapis_ore":5,"minecraft:oak_planks":5,"minecraft:sugar_cane":212,"minecraft:diorite":11,"minecraft:wall_torch":3,"minecraft:wheat":137,"minecraft:white_carpet":1,"minecraft:yellow_bed":3,"minecraft:oak_log":311,"minecraft:coal_ore":150,"minecraft:beetroots":11,"minecraft:gravel":12,"minecraft:dirt":477,"minecraft:sand":20,"minecraft:stonecutter":2,"minecraft:oak_leaves":19,"minecraft:deepslate":37}},"DataVersion":3700}