{"stats":{"minecraft:killed":{"minecraft:pig":3,"minecraft:witch":1,"minecraft:spider":4,"minecraft:sheep":8,"minecraft:skeleton":1,"minecraft:zombie":2,"minecraft:chicken":16,"minecraft:cow":6},"minecraft:picked_up":{"minecraft:cocoa_beans":26,"minecraft:crafting_table":2,"minecraft:feather":14,"minecraft:cooked_beef":2,"minecraft:chicken":16,"minecraft:jungle_log":33,"minecraft:leather":10,"minecraft:oak_log":6,"minecraft:lapis_lazuli":35,"minecraft:dirt":8,"minecraft:string":6,"minecraft:bone":1,"minecraft:wheat_seeds":10,"minecraft:iron_ingot":2,"minecraft:beef":12,"minecraft:melon_slice":66,"minecraft:oak_planks":3,"minecraft:egg":7,"minecraft:furnace":2,"minecraft:raw_iron":43,"minecraft:stick":3,"minecraft:torch":3,"minecraft:porkchop":7,"minecraft:sugar":2,"minecraft:arrow":1,"minecraft:rotten_flesh":3,"minecraft:diamond":3,"minecraft:gray_wool":1,"minecraft:oak_sapling":3,"minecraft:black_wool":1,"minecraft:mutton":14,"minecraft:coal":41,"minecraft:white_wool":6,"minecraft:cobblestone":37},"minecraft:crafted":{"minecraft:cooked_beef":9,"minecraft:oak_planks":24,"minecraft:crafting_table":2,"minecraft:wooden_pickaxe":1,"minecraft:furnace":2,"minecraft:stone_axe":1,"minecraft:cooked_mutton":8,"minecraft:air":0,"minecraft:jungle_planks":132,"minecraft:stick":20,"minecraft:iron_ingot":4,"minecraft:iron_pickaxe":1,"minecraft:stone_pickaxe":1,"minecraft:stone_sword":1,"minecraft:chest":2,"minecraft:white_bed":2,"minecraft:torch":32},"minecraft:dropped":{"minecraft:cooked_beef":10},"minecraft:used":{"minecraft:cooked_mutton":8,"minecraft:stone_sword":138,"minecraft:stone_pickaxe":80,"minecraft:oak_planks":3,"minecraft:chest":2,"minecraft:wooden_pickaxe":18,"minecraft:torch":34,"minecraft:dirt":4,"minecraft:crafting_table":3,"minecraft:jungle_planks":15,"minecraft:white_bed":2,"minecraft:iron_pickaxe":13,"minecraft:stone_axe":65,"minecraft:cobblestone":8,"minecraft:furnace":3,"minecraft:oak_sapling":1,"minecraft:egg":5,"minecraft:cooked_beef":1},"minecraft:mined":{"minecraft:diamond_ore":3,"minecraft:oak_sapling":1,"minecraft:crafting_table":2,"minecraft:torch":2,"minecraft:short_grass":63,"minecraft:grass_block":3,"minecraft:melon":14,"minecraft:jungle_log":28,"minecraft:tall_grass":2,"minecraft:lapis_ore":5,"minecraft:oak_planks":3,"minecraft:furnace":2,"minecraft:iron_ore":34,"minecraft:fire":45,"minecraft:vine":1,"minecraft:oak_log":6,"minecraft:coal_ore":27,"minecraft:cocoa":6,"minecraft:dirt":5,"minecraft:stone":37,"minecraft:oak_leaves":2,"minecraft:fern":7},"minecraft:custom":{"minecraft:interact_with_furnace":19,"minecraft:mob_kills":42,"minecraft:interact_with_crafting_table":13,"minecraft:time_since_death":41288,"minecraft:sleep_in_bed":2,"minecraft:climb_one_cm":821,"minecraft:time_since_rest":9463,"minecraft:sprint_one_cm":122869,"minecraft:damage_taken":410,"minecraft:walk_one_cm":82053,"minecraft:drop":1,"minecraft:damage_dealt":3685,"minecraft:fly_one_cm":262778,"minecraft:open_chest":3,"minecraft:crouch_one_cm":3760,"minecraft:play_time":41288,"minecraft:sneak_time":1390,"minecraft:jump":1108,"minecraft:total_world_time":41288,"minecraft:fall_one_cm":37358}},"DataVersion":3700}