{"stats":{"minecraft:killed_by":{"minecraft:zombie_villager":1,"minecraft:skeleton":1},"minecraft:crafted":{"minecraft:oak_planks":1168,"minecraft:cooked_chicken":12,"minecraft:furnace":2,"minecraft:bone_meal":63,"minecraft:bookshelf":20,"minecraft:cooked_mutton":33,"minecraft:bow":2,"minecraft:iron_boots":1,"minecraft:iron_axe":3,"minecraft:stone_pickaxe":2,"minecraft:chest":4,"minecraft:oak_button":1,"minecraft:wheat":45,"minecraft:cooked_beef":45,"minecraft:crossbow":20,"minecraft:emerald":44,"minecraft:cooked_porkchop":69,"minecraft:crafting_table":4,"minecraft:enchanting_table":1,"minecraft:wooden_pickaxe":2,"minecraft:iron_helmet":1,"minecraft:iron_sword":2,"minecraft:bucket":1,"minecraft:bread":3,"minecraft:air":0,"minecraft:oak_boat":1,"minecraft:iron_chestplate":1,"minecraft:book":61,"minecraft:paper":180,"minecraft:diamond_pickaxe":1,"minecraft:shield":1,"minecraft:stick":1884,"minecraft:iron_ingot":163,"minecraft:iron_pickaxe":3,"minecraft:stone_sword":1,"minecraft:iron_shovel":5,"minecraft:white_bed":1},"minecraft:broken":{"minecraft:iron_shovel":4,"minecraft:leather_leggings":1,"minecraft:iron_boots":1,"minecraft:iron_axe":3,"minecraft:iron_sword":1,"minecraft:iron_pickaxe":2,"minecraft:iron_helmet":1},"minecraft:dropped":{"minecraft:iron_sword":1,"minecraft:wheat_seeds":92,"minecraft:lapis_lazuli":64,"minecraft:diamond":31,"minecraft:granite":1,"minecraft:coal":13,"minecraft:flint":2,"minecraft:dirt":297,"minecraft:diorite":2,"minecraft:oak_stairs":2,"minecraft:string":4,"minecraft:white_wool":1,"minecraft:dandelion":6,"minecraft:stone_sword":1,"minecraft:cobbled_deepslate":1,"minecraft:raw_iron":90,"minecraft:chicken":2,"minecraft:rotten_flesh":32,"minecraft:cooked_mutton":4,"minecraft:azure_bluet":1,"minecraft:carrot":3,"minecraft:shield":1,"minecraft:gunpowder":2,"minecraft:oak_button":1,"minecraft:beetroot_seeds":3,"minecraft:oak_sapling":2,"minecraft:spider_eye":2,"minecraft:stone_pickaxe":2,"minecraft:wooden_pickaxe":2,"minecraft:egg":2},"minecraft:killed":{"minecraft:witch":2,"minecraft:spider":14,"minecraft:skeleton":16,"minecraft:horse":10,"minecraft:chicken":23,"minecraft:turtle":1,"minecraft:pig":30,"minecraft:zombie_villager":1,"minecraft:wandering_trader":1,"minecraft:creeper":2,"minecraft:sheep":27,"minecraft:trader_llama":2,"minecraft:zombie":31,"minecraft:donkey":1,"minecraft:cow":34},"minecraft:picked_up":{"minecraft:crafting_table":4,"minecraft:wheat":105,"minecraft:azure_bluet":1,"minecraft:chicken":24,"minecraft:lead":2,"minecraft:wooden_pickaxe":2,"minecraft:oak_stairs":4,"minecraft:brewing_stand":2,"minecraft:shield":1,"minecraft:string":18,"minecraft:white_carpet":1,"minecraft:beetroot":10,"minecraft:cartography_table":1,"minecraft:cobbled_deepslate":47,"minecraft:beef":74,"minecraft:poppy":2,"minecraft:sugar_cane":358,"minecraft:furnace":4,"minecraft:egg":8,"minecraft:stick":20,"minecraft:raw_iron":253,"minecraft:sandstone":1,"minecraft:composter":4,"minecraft:oak_fence":1,"minecraft:torch":5,"minecraft:porkchop":69,"minecraft:diorite":12,"minecraft:carrot":109,"minecraft:cauldron":1,"minecraft:arrow":23,"minecraft:rotten_flesh":40,"minecraft:beetroot_seeds":29,"minecraft:hay_block":5,"minecraft:obsidian":9,"minecraft:mutton":39,"minecraft:white_wool":23,"minecraft:cobblestone":153,"minecraft:stripped_oak_log":48,"minecraft:magma_block":3,"minecraft:feather":25,"minecraft:glow_ink_sac":2,"minecraft:andesite":9,"minecraft:brown_wool":3,"minecraft:leather":51,"minecraft:potato":77,"minecraft:flint":2,"minecraft:tuff":3,"minecraft:oak_log":308,"minecraft:yellow_bed":3,"minecraft:gunpowder":2,"minecraft:cobblestone_stairs":1,"minecraft:lapis_lazuli":246,"minecraft:dirt":1402,"minecraft:bone":24,"minecraft:apple":3,"minecraft:bow":1,"minecraft:stonecutter":1,"minecraft:wheat_seeds":298,"minecraft:raw_gold":3,"minecraft:stone_pickaxe":2,"minecraft:iron_ingot":32,"minecraft:iron_sword":1,"minecraft:oak_planks":8,"minecraft:dandelion":6,"minecraft:poisonous_potato":1,"minecraft:sand":19,"minecraft:blast_furnace":2,"minecraft:ink_sac":3,"minecraft:white_bed":5,"minecraft:spider_eye":5,"minecraft:mossy_cobblestone":2,"minecraft:sugar":2,"minecraft:diamond":68,"minecraft:granite":15,"minecraft:oak_sapling":20,"minecraft:coal":167},"minecraft:custom":{"minecraft:mob_kills":209,"minecraft:animals_bred":13,"minecraft:interact_with_crafting_table":59,"minecraft:leave_game":4,"minecraft:time_since_death":305695,"minecraft:climb_one_cm":58252,"minecraft:sprint_one_cm":1361116,"minecraft:walk_one_cm":521567,"minecraft:damage_blocked_by_shield":2311,"minecraft:drop":67,"minecraft:talked_to_villager":94,"minecraft:play_time":324199,"minecraft:sneak_time":15136,"minecraft:deaths":2,"minecraft:walk_under_water_one_cm":29722,"minecraft:jump":9156,"minecraft:walk_on_water_one_cm":47095,"minecraft:total_world_time":324199,"minecraft:interact_with_furnace":77,"minecraft:traded_with_villager":66,"minecraft:sleep_in_bed":8,"minecraft:time_since_rest":15323,"minecraft:damage_taken":5511,"minecraft:damage_dealt":27102,"minecraft:swim_one_cm":88064,"minecraft:fly_one_cm":2016635,"minecraft:open_chest":150,"minecraft:crouch_one_cm":42408,"minecraft:fall_one_cm":226612,"minecraft:horse_one_cm":6983},"minecraft:used":{"minecraft:oak_fence":1,"minecraft:stone_sword":1,"minecraft:enchanting_table":1,"minecraft:iron_shovel":1145,"minecraft:chest":4,"minecraft:shield":57,"minecraft:iron_sword":403,"minecraft:cooked_chicken":8,"minecraft:rotten_flesh":3,"minecraft:iron_chestplate":1,"minecraft:torch":2,"minecraft:dirt":225,"minecraft:white_carpet":1,"minecraft:carrot":7,"minecraft:tuff":1,"minecraft:granite":13,"minecraft:bookshelf":20,"minecraft:iron_axe":573,"minecraft:oak_stairs":2,"minecraft:iron_helmet":1,"minecraft:iron_boots":1,"minecraft:magma_block":2,"minecraft:beef":1,"minecraft:oak_sapling":16,"minecraft:furnace":6,"minecraft:egg":2,"minecraft:potato":7,"minecraft:cooked_beef":42,"minecraft:cobbled_deepslate":46,"minecraft:wheat_seeds":156,"minecraft:cooked_mutton":19,"minecraft:water_bucket":54,"minecraft:diorite":10,"minecraft:oak_planks":22,"minecraft:stone_pickaxe":88,"minecraft:wooden_pickaxe":41,"minecraft:sandstone":1,"minecraft:sugar_cane":80,"minecraft:mossy_cobblestone":2,"minecraft:crafting_table":8,"minecraft:white_bed":6,"minecraft:diamond_pickaxe":63,"minecraft:iron_pickaxe":497,"minecraft:string":2,"minecraft:bread":16,"minecraft:cobblestone":109,"minecraft:cooked_porkchop":15,"minecraft:andesite":8,"minecraft:bucket":55,"minecraft:yellow_bed":3,"minecraft:bone_meal":63},"minecraft:mined":{"minecraft:tuff":2,"minecraft:white_bed":5,"minecraft:mossy_cobblestone":2,"minecraft:deepslate_diamond_ore":38,"minecraft:cobblestone_stairs":1,"minecraft:brewing_stand":2,"minecraft:obsidian":9,"minecraft:granite":13,"minecraft:grass_block":634,"minecraft:composter":4,"minecraft:cartography_table":1,"minecraft:sandstone":1,"minecraft:hay_block":5,"minecraft:magma_block":3,"minecraft:furnace":4,"minecraft:carrots":34,"minecraft:iron_ore":82,"minecraft:cobbled_deepslate":1,"minecraft:andesite":9,"minecraft:deepslate_lapis_ore":23,"minecraft:azure_bluet":1,"minecraft:potatoes":23,"minecraft:dirt_path":4,"minecraft:deepslate_iron_ore":82,"minecraft:water_cauldron":1,"minecraft:stripped_oak_log":48,"minecraft:stone":161,"minecraft:dandelion":6,"minecraft:oak_fence":1,"minecraft:crafting_table":4,"minecraft:short_grass":114,"minecraft:blast_furnace":2,"minecraft:tall_grass":25,"minecraft:cobblestone":10,"minecraft:deepslate_gold_ore":3,"minecraft:lapis_ore":5,"minecraft:oak_planks":5,"minecraft:sugar_cane":183,"minecraft:diorite":11,"minecraft:wall_torch":2,"minecraft:wheat":112,"minecraft:white_carpet":1,"minecraft:yellow_bed":3,"minecraft:oak_log":311,"minecraft:coal_ore":142,"minecraft:beetroots":11,"minecraft:gravel":12,"minecraft:dirt":477,"minecraft:sand":20,"minecraft:stonecutter":2,"minecraft:oak_leaves":19,"minecraft:deepslate":37}},"DataVersion":3700}