{"stats":{"minecraft:mined":{"minecraft:short_grass":17,"minecraft:oak_log":6,"minecraft:oak_leaves":1},"minecraft:picked_up":{"minecraft:oak_log":6,"minecraft:oak_sapling":2,"minecraft:wheat_seeds":3},"minecraft:custom":{"minecraft:jump":56,"minecraft:time_since_rest":4582,"minecraft:leave_game":1,"minecraft:crouch_one_cm":204,"minecraft:play_time":4582,"minecraft:sprint_one_cm":15309,"minecraft:time_since_death":4582,"minecraft:walk_one_cm":2355,"minecraft:sneak_time":47,"minecraft:total_world_time":4582,"minecraft:fall_one_cm":1463,"minecraft:fly_one_cm":11560}},"DataVersion":3700}