{"stats":{"minecraft:picked_up":{"minecraft:crafting_table":1,"minecraft:oak_log":18,"minecraft:oak_sapling":1,"minecraft:coal":16,"minecraft:dirt":1,"minecraft:cobblestone":12},"minecraft:crafted":{"minecraft:stone_sword":1,"minecraft:oak_planks":68,"minecraft:stone_axe":1,"minecraft:crafting_table":1,"minecraft:stick":20,"minecraft:stone_pickaxe":1,"minecraft:wooden_pickaxe":1,"minecraft:wooden_axe":1},"minecraft:used":{"minecraft:oak_log":1,"minecraft:wooden_axe":1,"minecraft:crafting_table":1,"minecraft:wooden_pickaxe":28},"minecraft:mined":{"minecraft:short_grass":1,"minecraft:coal_ore":16,"minecraft:oak_log":18,"minecraft:dirt":1,"minecraft:stone":12,"minecraft:oak_leaves":1,"minecraft:crafting_table":1},"minecraft:custom":{"minecraft:interact_with_furnace":1,"minecraft:time_since_rest":5614,"minecraft:crouch_one_cm":1473,"minecraft:play_time":5614,"minecraft:sprint_one_cm":12461,"minecraft:walk_one_cm":5707,"minecraft:sneak_time":545,"minecraft:jump":35,"minecraft:time_since_death":5614,"minecraft:total_world_time":5614,"minecraft:fall_one_cm":1430,"minecraft:interact_with_crafting_table":7,"minecraft:fly_one_cm":6611}},"DataVersion":3700}