{"stats":{"minecraft:killed":{"minecraft:pig":19,"minecraft:zombie_villager":1,"minecraft:salmon":4,"minecraft:spider":1,"minecraft:cod":2,"minecraft:creeper":1,"minecraft:sheep":18,"minecraft:skeleton":4,"minecraft:zombie":8,"minecraft:chicken":23,"minecraft:tropical_fish":1,"minecraft:cow":8},"minecraft:picked_up":{"minecraft:birch_log":10,"minecraft:cocoa_beans":9,"minecraft:crafting_table":3,"minecraft:feather":17,"minecraft:cooked_beef":10,"minecraft:chicken":23,"minecraft:salmon":3,"minecraft:jungle_log":14,"minecraft:leather":4,"minecraft:oak_log":53,"minecraft:gunpowder":6,"minecraft:acacia_boat":1,"minecraft:dirt":29,"minecraft:string":2,"minecraft:bone":4,"minecraft:wheat_seeds":15,"minecraft:raw_gold":7,"minecraft:beef":13,"minecraft:light_gray_wool":1,"minecraft:furnace":3,"minecraft:egg":5,"minecraft:raw_iron":60,"minecraft:torch":1,"minecraft:acacia_log":5,"minecraft:porkchop":42,"minecraft:diorite":3,"minecraft:white_bed":1,"minecraft:stone_sword":1,"minecraft:arrow":1,"minecraft:rotten_flesh":15,"minecraft:tropical_fish":2,"minecraft:granite":1,"minecraft:bone_meal":1,"minecraft:oak_sapling":3,"minecraft:mutton":26,"minecraft:cod":2,"minecraft:coal":151,"minecraft:white_wool":17,"minecraft:cobblestone":153},"minecraft:killed_by":{"minecraft:zombie":1},"minecraft:crafted":{"minecraft:cooked_beef":14,"minecraft:cooked_cod":2,"minecraft:oak_planks":80,"minecraft:cooked_porkchop":31,"minecraft:crafting_table":2,"minecraft:wooden_pickaxe":2,"minecraft:cooked_chicken":17,"minecraft:furnace":6,"minecraft:cooked_salmon":3,"minecraft:birch_planks":40,"minecraft:stone_axe":2,"minecraft:acacia_boat":1,"minecraft:cooked_mutton":26,"minecraft:air":0,"minecraft:jungle_planks":36,"minecraft:shield":1,"minecraft:stick":64,"minecraft:stone_pickaxe":2,"minecraft:wooden_axe":1,"minecraft:stone_sword":2,"minecraft:acacia_planks":12,"minecraft:torch":40},"minecraft:dropped":{"minecraft:wheat_seeds":13,"minecraft:stone_sword":1,"minecraft:feather":17,"minecraft:rotten_flesh":6,"minecraft:light_gray_wool":1,"minecraft:leather":2,"minecraft:tropical_fish":2,"minecraft:gunpowder":8,"minecraft:oak_sapling":2,"minecraft:bone_meal":1,"minecraft:string":2,"minecraft:egg":1},"minecraft:used":{"minecraft:acacia_boat":1,"minecraft:water_bucket":5,"minecraft:diorite":3,"minecraft:stone_sword":70,"minecraft:stone_pickaxe":75,"minecraft:wooden_pickaxe":56,"minecraft:shield":5,"minecraft:iron_sword":44,"minecraft:cooked_chicken":2,"minecraft:rotten_flesh":2,"minecraft:torch":39,"minecraft:dirt":28,"minecraft:crafting_table":3,"minecraft:white_bed":1,"minecraft:granite":1,"minecraft:oak_log":1,"minecraft:wooden_axe":1,"minecraft:chicken":1,"minecraft:iron_axe":3,"minecraft:iron_pickaxe":219,"minecraft:stone_axe":87,"minecraft:cobblestone":16,"minecraft:furnace":9,"minecraft:cooked_porkchop":1,"minecraft:bucket":6,"minecraft:egg":4,"minecraft:cooked_beef":17},"minecraft:mined":{"minecraft:white_bed":1,"minecraft:jungle_leaves":2,"minecraft:crafting_table":3,"minecraft:granite":1,"minecraft:short_grass":124,"minecraft:acacia_log":5,"minecraft:grass_block":15,"minecraft:jungle_log":14,"minecraft:tall_grass":28,"minecraft:diorite":3,"minecraft:furnace":3,"minecraft:birch_log":10,"minecraft:iron_ore":62,"minecraft:fire":14,"minecraft:oak_log":54,"minecraft:coal_ore":121,"minecraft:vine":2,"minecraft:dirt":15,"minecraft:cobweb":1,"minecraft:stone":153,"minecraft:gold_ore":7,"minecraft:fern":9,"minecraft:oak_leaves":22},"minecraft:custom":{"minecraft:interact_with_furnace":110,"minecraft:mob_kills":92,"minecraft:interact_with_crafting_table":20,"minecraft:leave_game":1,"minecraft:time_since_death":66025,"minecraft:sleep_in_bed":4,"minecraft:climb_one_cm":1026,"minecraft:time_since_rest":13907,"minecraft:sprint_one_cm":303928,"minecraft:damage_taken":1598,"minecraft:walk_one_cm":77921,"minecraft:damage_blocked_by_shield":159,"minecraft:drop":26,"minecraft:damage_dealt":8289,"minecraft:swim_one_cm":13989,"minecraft:fly_one_cm":431454,"minecraft:open_chest":14,"minecraft:crouch_one_cm":7390,"minecraft:play_time":81102,"minecraft:deaths":2,"minecraft:sneak_time":2588,"minecraft:walk_under_water_one_cm":6374,"minecraft:boat_one_cm":17258,"minecraft:jump":1871,"minecraft:walk_on_water_one_cm":2652,"minecraft:total_world_time":81102,"minecraft:fall_one_cm":58645,"minecraft:horse_one_cm":655}},"DataVersion":3700}