{"stats":{"minecraft:used":{"minecraft:stone_sword":70,"minecraft:shield":37,"minecraft:iron_sword":139,"minecraft:cooked_chicken":2,"minecraft:rotten_flesh":2,"minecraft:torch":172,"minecraft:dirt":29,"minecraft:tuff":21,"minecraft:granite":1,"minecraft:wooden_axe":1,"minecraft:iron_axe":70,"minecraft:furnace":17,"minecraft:egg":4,"minecraft:cooked_beef":24,"minecraft:cobbled_deepslate":27,"minecraft:calcite":23,"minecraft:cooked_mutton":22,"minecraft:acacia_boat":1,"minecraft:water_bucket":11,"minecraft:diorite":8,"minecraft:birch_planks":8,"minecraft:stone_pickaxe":75,"minecraft:wooden_pickaxe":56,"minecraft:crafting_table":6,"minecraft:white_bed":4,"minecraft:oak_log":1,"minecraft:chicken":1,"minecraft:iron_pickaxe":770,"minecraft:stone_axe":87,"minecraft:cobblestone":127,"minecraft:cooked_porkchop":4,"minecraft:bucket":12},"minecraft:picked_up":{"minecraft:cocoa_beans":9,"minecraft:crafting_table":4,"minecraft:azure_bluet":3,"minecraft:chicken":23,"minecraft:amethyst_block":7,"minecraft:string":4,"minecraft:cobbled_deepslate":83,"minecraft:beef":13,"minecraft:calcite":29,"minecraft:poppy":1,"minecraft:light_gray_wool":1,"minecraft:furnace":11,"minecraft:egg":6,"minecraft:stick":1,"minecraft:raw_iron":163,"minecraft:torch":5,"minecraft:acacia_log":5,"minecraft:porkchop":42,"minecraft:diorite":9,"minecraft:rotten_flesh":27,"minecraft:arrow":12,"minecraft:stone_sword":1,"minecraft:tropical_fish":2,"minecraft:mutton":26,"minecraft:cod":2,"minecraft:white_wool":17,"minecraft:cobblestone":256,"minecraft:oxeye_daisy":2,"minecraft:birch_log":10,"minecraft:feather":17,"minecraft:cooked_beef":10,"minecraft:andesite":1,"minecraft:salmon":3,"minecraft:jungle_log":14,"minecraft:leather":4,"minecraft:potato":1,"minecraft:birch_planks":3,"minecraft:tuff":21,"minecraft:oak_log":53,"minecraft:gunpowder":10,"minecraft:acacia_boat":1,"minecraft:dirt":30,"minecraft:bone":12,"minecraft:bow":1,"minecraft:wheat_seeds":36,"minecraft:raw_gold":18,"minecraft:iron_ingot":13,"minecraft:smooth_basalt":11,"minecraft:dandelion":6,"minecraft:white_bed":4,"minecraft:spider_eye":1,"minecraft:diamond":46,"minecraft:granite":2,"minecraft:bone_meal":1,"minecraft:oak_sapling":3,"minecraft:coal":468},"minecraft:crafted":{"minecraft:oak_planks":84,"minecraft:cooked_chicken":17,"minecraft:furnace":10,"minecraft:cooked_mutton":26,"minecraft:iron_boots":1,"minecraft:stone_pickaxe":2,"minecraft:cooked_beef":14,"minecraft:cooked_cod":2,"minecraft:cooked_porkchop":31,"minecraft:crafting_table":3,"minecraft:iron_helmet":1,"minecraft:wooden_pickaxe":2,"minecraft:cooked_salmon":3,"minecraft:birch_planks":40,"minecraft:stone_axe":2,"minecraft:acacia_boat":1,"minecraft:air":0,"minecraft:jungle_planks":36,"minecraft:iron_chestplate":1,"minecraft:shield":1,"minecraft:stick":100,"minecraft:iron_ingot":100,"minecraft:iron_pickaxe":3,"minecraft:wooden_axe":1,"minecraft:stone_sword":2,"minecraft:iron_leggings":1,"minecraft:acacia_planks":12,"minecraft:torch":176},"minecraft:killed":{"minecraft:witch":1,"minecraft:spider":11,"minecraft:cod":2,"minecraft:skeleton":12,"minecraft:chicken":23,"minecraft:tropical_fish":1,"minecraft:pig":19,"minecraft:zombie_villager":1,"minecraft:salmon":4,"minecraft:creeper":9,"minecraft:sheep":18,"minecraft:zombie":34,"minecraft:cow":8,"minecraft:enderman":1},"minecraft:custom":{"minecraft:mob_kills":147,"minecraft:animals_bred":1,"minecraft:interact_with_crafting_table":28,"minecraft:leave_game":2,"minecraft:time_since_death":162696,"minecraft:climb_one_cm":1280,"minecraft:sprint_one_cm":571728,"minecraft:walk_one_cm":153331,"minecraft:damage_blocked_by_shield":727,"minecraft:drop":56,"minecraft:play_time":177773,"minecraft:deaths":2,"minecraft:sneak_time":5953,"minecraft:walk_under_water_one_cm":11416,"minecraft:boat_one_cm":17258,"minecraft:jump":3309,"minecraft:walk_on_water_one_cm":8756,"minecraft:total_world_time":177773,"minecraft:interact_with_furnace":172,"minecraft:sleep_in_bed":5,"minecraft:time_since_rest":87290,"minecraft:damage_taken":3502,"minecraft:damage_dealt":18959,"minecraft:swim_one_cm":20343,"minecraft:fly_one_cm":704316,"minecraft:open_chest":34,"minecraft:crouch_one_cm":15811,"minecraft:fall_one_cm":94498,"minecraft:horse_one_cm":655},"minecraft:mined":{"minecraft:tuff":21,"minecraft:white_bed":4,"minecraft:deepslate_diamond_ore":6,"minecraft:jungle_leaves":2,"minecraft:granite":2,"minecraft:budding_amethyst":1,"minecraft:acacia_log":5,"minecraft:grass_block":16,"minecraft:jungle_log":14,"minecraft:oxeye_daisy":2,"minecraft:furnace":11,"minecraft:iron_ore":150,"minecraft:fire":14,"minecraft:azure_bluet":3,"minecraft:deepslate_iron_ore":14,"minecraft:vine":2,"minecraft:stone":240,"minecraft:dandelion":8,"minecraft:crafting_table":4,"minecraft:cornflower":1,"minecraft:torch":2,"minecraft:short_grass":291,"minecraft:calcite":30,"minecraft:poppy":1,"minecraft:tall_grass":36,"minecraft:cobblestone":13,"minecraft:deepslate_gold_ore":11,"minecraft:diorite":9,"minecraft:amethyst_block":8,"minecraft:birch_planks":7,"minecraft:birch_log":10,"minecraft:oak_log":54,"minecraft:coal_ore":284,"minecraft:dirt":15,"minecraft:cobweb":1,"minecraft:smooth_basalt":10,"minecraft:gold_ore":7,"minecraft:oak_leaves":22,"minecraft:deepslate":83,"minecraft:fern":9},"minecraft:broken":{"minecraft:iron_pickaxe":3},"minecraft:dropped":{"minecraft:iron_ingot":63,"minecraft:wheat_seeds":30,"minecraft:cobblestone":7,"minecraft:feather":17,"minecraft:amethyst_block":7,"minecraft:leather":2,"minecraft:granite":1,"minecraft:tropical_fish":2,"minecraft:stick":7,"minecraft:oxeye_daisy":2,"minecraft:diorite":1,"minecraft:bone_meal":1,"minecraft:string":4,"minecraft:dandelion":6,"minecraft:bone":6,"minecraft:stone_sword":1,"minecraft:rotten_flesh":25,"minecraft:light_gray_wool":1,"minecraft:azure_bluet":3,"minecraft:poppy":1,"minecraft:potato":1,"minecraft:gunpowder":12,"minecraft:andesite":1,"minecraft:oak_sapling":2,"minecraft:spider_eye":1,"minecraft:arrow":12,"minecraft:bow":1,"minecraft:calcite":6,"minecraft:egg":2},"minecraft:killed_by":{"minecraft:zombie":1}},"DataVersion":3700}