{"stats":{"minecraft:killed":{"minecraft:zombie":1,"minecraft:pig":1,"minecraft:chicken":7},"minecraft:picked_up":{"minecraft:cocoa_beans":9,"minecraft:crafting_table":2,"minecraft:feather":3,"minecraft:chicken":7,"minecraft:jungle_log":5,"minecraft:porkchop":3,"minecraft:oak_log":21,"minecraft:white_bed":1,"minecraft:dirt":6,"minecraft:rotten_flesh":2,"minecraft:wheat_seeds":5,"minecraft:oak_sapling":3,"minecraft:coal":48,"minecraft:furnace":1,"minecraft:cobblestone":36,"minecraft:egg":5},"minecraft:killed_by":{"minecraft:zombie":1},"minecraft:crafted":{"minecraft:oak_planks":80,"minecraft:cooked_porkchop":1,"minecraft:crafting_table":1,"minecraft:stick":44,"minecraft:cooked_chicken":3,"minecraft:wooden_pickaxe":1,"minecraft:stone_pickaxe":1,"minecraft:wooden_axe":1,"minecraft:stone_sword":1,"minecraft:furnace":1,"minecraft:stone_axe":1,"minecraft:air":0},"minecraft:dropped":{"minecraft:wheat_seeds":3,"minecraft:oak_sapling":2,"minecraft:feather":3,"minecraft:egg":1},"minecraft:used":{"minecraft:oak_log":1,"minecraft:wooden_axe":1,"minecraft:stone_sword":11,"minecraft:stone_pickaxe":34,"minecraft:wooden_pickaxe":28,"minecraft:crafting_table":1,"minecraft:furnace":1,"minecraft:cooked_porkchop":1,"minecraft:white_bed":1,"minecraft:egg":4},"minecraft:mined":{"minecraft:white_bed":1,"minecraft:furnace":1,"minecraft:fire":10,"minecraft:crafting_table":2,"minecraft:short_grass":27,"minecraft:oak_log":21,"minecraft:coal_ore":25,"minecraft:vine":1,"minecraft:jungle_log":5,"minecraft:dirt":6,"minecraft:stone":36,"minecraft:oak_leaves":11},"minecraft:custom":{"minecraft:time_since_rest":2568,"minecraft:interact_with_furnace":12,"minecraft:sprint_one_cm":54563,"minecraft:damage_taken":615,"minecraft:walk_one_cm":20522,"minecraft:mob_kills":10,"minecraft:drop":8,"minecraft:damage_dealt":573,"minecraft:interact_with_crafting_table":10,"minecraft:fly_one_cm":94298,"minecraft:open_chest":3,"minecraft:crouch_one_cm":2212,"minecraft:play_time":17614,"minecraft:deaths":2,"minecraft:sneak_time":785,"minecraft:jump":363,"minecraft:time_since_death":2537,"minecraft:total_world_time":17614,"minecraft:climb_one_cm":205,"minecraft:fall_one_cm":15671}},"DataVersion":3700}