{"stats":{"minecraft:killed":{"minecraft:pig":19,"minecraft:salmon":4,"minecraft:cod":2,"minecraft:creeper":1,"minecraft:sheep":18,"minecraft:skeleton":4,"minecraft:zombie":7,"minecraft:chicken":23,"minecraft:tropical_fish":1,"minecraft:cow":8},"minecraft:picked_up":{"minecraft:birch_log":10,"minecraft:cocoa_beans":9,"minecraft:crafting_table":3,"minecraft:feather":17,"minecraft:cooked_beef":10,"minecraft:chicken":23,"minecraft:salmon":3,"minecraft:jungle_log":14,"minecraft:leather":4,"minecraft:oak_log":53,"minecraft:gunpowder":2,"minecraft:acacia_boat":1,"minecraft:string":1,"minecraft:dirt":27,"minecraft:bone":4,"minecraft:wheat_seeds":15,"minecraft:raw_gold":7,"minecraft:beef":13,"minecraft:light_gray_wool":1,"minecraft:egg":5,"minecraft:furnace":3,"minecraft:raw_iron":50,"minecraft:torch":1,"minecraft:acacia_log":5,"minecraft:porkchop":42,"minecraft:diorite":3,"minecraft:white_bed":1,"minecraft:arrow":1,"minecraft:stone_sword":1,"minecraft:rotten_flesh":8,"minecraft:tropical_fish":2,"minecraft:granite":1,"minecraft:bone_meal":1,"minecraft:oak_sapling":3,"minecraft:mutton":26,"minecraft:white_wool":17,"minecraft:coal":132,"minecraft:cod":2,"minecraft:cobblestone":104},"minecraft:killed_by":{"minecraft:zombie":1},"minecraft:crafted":{"minecraft:cooked_beef":14,"minecraft:cooked_cod":2,"minecraft:oak_planks":80,"minecraft:cooked_porkchop":31,"minecraft:crafting_table":2,"minecraft:wooden_pickaxe":2,"minecraft:cooked_chicken":17,"minecraft:furnace":6,"minecraft:cooked_salmon":3,"minecraft:birch_planks":40,"minecraft:stone_axe":2,"minecraft:cooked_mutton":26,"minecraft:acacia_boat":1,"minecraft:air":0,"minecraft:jungle_planks":36,"minecraft:shield":1,"minecraft:stick":64,"minecraft:stone_pickaxe":2,"minecraft:wooden_axe":1,"minecraft:stone_sword":2,"minecraft:acacia_planks":12,"minecraft:torch":40},"minecraft:dropped":{"minecraft:wheat_seeds":13,"minecraft:stone_sword":1,"minecraft:feather":17,"minecraft:light_gray_wool":1,"minecraft:leather":2,"minecraft:tropical_fish":2,"minecraft:oak_sapling":2,"minecraft:bone_meal":1,"minecraft:egg":1},"minecraft:used":{"minecraft:water_bucket":1,"minecraft:acacia_boat":1,"minecraft:diorite":3,"minecraft:stone_sword":70,"minecraft:stone_pickaxe":75,"minecraft:shield":3,"minecraft:wooden_pickaxe":56,"minecraft:iron_sword":33,"minecraft:cooked_chicken":2,"minecraft:rotten_flesh":2,"minecraft:torch":26,"minecraft:dirt":25,"minecraft:crafting_table":3,"minecraft:white_bed":1,"minecraft:granite":1,"minecraft:oak_log":1,"minecraft:wooden_axe":1,"minecraft:iron_axe":3,"minecraft:chicken":1,"minecraft:iron_pickaxe":139,"minecraft:stone_axe":87,"minecraft:furnace":9,"minecraft:cooked_porkchop":1,"minecraft:bucket":2,"minecraft:egg":4,"minecraft:cooked_beef":13},"minecraft:mined":{"minecraft:white_bed":1,"minecraft:jungle_leaves":2,"minecraft:crafting_table":3,"minecraft:granite":1,"minecraft:short_grass":114,"minecraft:acacia_log":5,"minecraft:grass_block":14,"minecraft:jungle_log":14,"minecraft:tall_grass":28,"minecraft:diorite":3,"minecraft:furnace":3,"minecraft:birch_log":10,"minecraft:iron_ore":50,"minecraft:fire":14,"minecraft:coal_ore":102,"minecraft:oak_log":54,"minecraft:vine":2,"minecraft:dirt":13,"minecraft:cobweb":1,"minecraft:stone":104,"minecraft:gold_ore":7,"minecraft:oak_leaves":22,"minecraft:fern":9},"minecraft:custom":{"minecraft:interact_with_furnace":110,"minecraft:mob_kills":88,"minecraft:interact_with_crafting_table":20,"minecraft:time_since_death":50537,"minecraft:sleep_in_bed":3,"minecraft:climb_one_cm":1026,"minecraft:time_since_rest":18271,"minecraft:sprint_one_cm":258859,"minecraft:damage_taken":1348,"minecraft:walk_one_cm":65599,"minecraft:damage_blocked_by_shield":55,"minecraft:drop":21,"minecraft:damage_dealt":7700,"minecraft:swim_one_cm":13989,"minecraft:fly_one_cm":369991,"minecraft:open_chest":14,"minecraft:crouch_one_cm":6484,"minecraft:play_time":65614,"minecraft:deaths":2,"minecraft:sneak_time":2267,"minecraft:walk_under_water_one_cm":6374,"minecraft:boat_one_cm":17258,"minecraft:jump":1599,"minecraft:walk_on_water_one_cm":2204,"minecraft:total_world_time":65614,"minecraft:fall_one_cm":51886,"minecraft:horse_one_cm":655}},"DataVersion":3700}