{"stats":{"minecraft:killed":{"minecraft:spider":3,"minecraft:cod":2,"minecraft:skeleton":6,"minecraft:chicken":23,"minecraft:tropical_fish":1,"minecraft:pig":19,"minecraft:zombie_villager":1,"minecraft:salmon":4,"minecraft:creeper":3,"minecraft:sheep":18,"minecraft:zombie":26,"minecraft:cow":8},"minecraft:picked_up":{"minecraft:cocoa_beans":9,"minecraft:crafting_table":3,"minecraft:azure_bluet":3,"minecraft:chicken":23,"minecraft:amethyst_block":7,"minecraft:string":2,"minecraft:beef":13,"minecraft:calcite":29,"minecraft:poppy":1,"minecraft:light_gray_wool":1,"minecraft:egg":6,"minecraft:furnace":7,"minecraft:raw_iron":84,"minecraft:torch":2,"minecraft:acacia_log":5,"minecraft:porkchop":42,"minecraft:diorite":3,"minecraft:arrow":2,"minecraft:stone_sword":1,"minecraft:rotten_flesh":23,"minecraft:tropical_fish":2,"minecraft:mutton":26,"minecraft:cod":2,"minecraft:white_wool":17,"minecraft:cobblestone":188,"minecraft:oxeye_daisy":2,"minecraft:birch_log":10,"minecraft:feather":17,"minecraft:cooked_beef":10,"minecraft:jungle_log":14,"minecraft:salmon":3,"minecraft:leather":4,"minecraft:potato":1,"minecraft:birch_planks":3,"minecraft:oak_log":53,"minecraft:gunpowder":6,"minecraft:acacia_boat":1,"minecraft:dirt":30,"minecraft:bone":6,"minecraft:wheat_seeds":35,"minecraft:raw_gold":7,"minecraft:iron_ingot":13,"minecraft:smooth_basalt":10,"minecraft:dandelion":6,"minecraft:white_bed":4,"minecraft:spider_eye":1,"minecraft:granite":1,"minecraft:bone_meal":1,"minecraft:oak_sapling":3,"minecraft:coal":272},"minecraft:killed_by":{"minecraft:zombie":1},"minecraft:crafted":{"minecraft:oak_planks":80,"minecraft:cooked_chicken":17,"minecraft:furnace":10,"minecraft:cooked_mutton":26,"minecraft:iron_boots":1,"minecraft:stone_pickaxe":2,"minecraft:cooked_beef":14,"minecraft:cooked_cod":2,"minecraft:cooked_porkchop":31,"minecraft:crafting_table":2,"minecraft:wooden_pickaxe":2,"minecraft:iron_helmet":1,"minecraft:cooked_salmon":3,"minecraft:birch_planks":40,"minecraft:stone_axe":2,"minecraft:acacia_boat":1,"minecraft:air":0,"minecraft:jungle_planks":36,"minecraft:iron_chestplate":1,"minecraft:shield":1,"minecraft:stick":76,"minecraft:iron_ingot":64,"minecraft:iron_pickaxe":1,"minecraft:wooden_axe":1,"minecraft:stone_sword":2,"minecraft:iron_leggings":1,"minecraft:acacia_planks":12,"minecraft:torch":64},"minecraft:used":{"minecraft:stone_sword":70,"minecraft:shield":28,"minecraft:iron_sword":94,"minecraft:cooked_chicken":2,"minecraft:rotten_flesh":2,"minecraft:torch":55,"minecraft:dirt":29,"minecraft:granite":1,"minecraft:wooden_axe":1,"minecraft:iron_axe":31,"minecraft:furnace":13,"minecraft:egg":4,"minecraft:cooked_beef":24,"minecraft:cooked_mutton":5,"minecraft:acacia_boat":1,"minecraft:water_bucket":7,"minecraft:diorite":3,"minecraft:birch_planks":8,"minecraft:stone_pickaxe":75,"minecraft:wooden_pickaxe":56,"minecraft:crafting_table":4,"minecraft:white_bed":4,"minecraft:oak_log":1,"minecraft:chicken":1,"minecraft:iron_pickaxe":403,"minecraft:stone_axe":87,"minecraft:cobblestone":65,"minecraft:cooked_porkchop":1,"minecraft:bucket":8},"minecraft:dropped":{"minecraft:iron_ingot":63,"minecraft:wheat_seeds":13,"minecraft:feather":17,"minecraft:leather":2,"minecraft:tropical_fish":2,"minecraft:bone_meal":1,"minecraft:string":2,"minecraft:stone_sword":1,"minecraft:rotten_flesh":16,"minecraft:light_gray_wool":1,"minecraft:gunpowder":8,"minecraft:oak_sapling":2,"minecraft:spider_eye":1,"minecraft:arrow":2,"minecraft:egg":1},"minecraft:broken":{"minecraft:iron_pickaxe":1},"minecraft:mined":{"minecraft:white_bed":4,"minecraft:jungle_leaves":2,"minecraft:granite":1,"minecraft:budding_amethyst":1,"minecraft:acacia_log":5,"minecraft:grass_block":16,"minecraft:jungle_log":14,"minecraft:oxeye_daisy":2,"minecraft:furnace":7,"minecraft:iron_ore":85,"minecraft:fire":14,"minecraft:azure_bluet":3,"minecraft:vine":2,"minecraft:stone":183,"minecraft:dandelion":8,"minecraft:crafting_table":3,"minecraft:cornflower":1,"minecraft:torch":1,"minecraft:short_grass":289,"minecraft:calcite":30,"minecraft:poppy":1,"minecraft:tall_grass":36,"minecraft:cobblestone":6,"minecraft:diorite":3,"minecraft:amethyst_block":8,"minecraft:birch_planks":7,"minecraft:birch_log":10,"minecraft:coal_ore":192,"minecraft:oak_log":54,"minecraft:dirt":15,"minecraft:cobweb":1,"minecraft:smooth_basalt":10,"minecraft:gold_ore":7,"minecraft:oak_leaves":22,"minecraft:fern":9},"minecraft:custom":{"minecraft:mob_kills":116,"minecraft:animals_bred":1,"minecraft:interact_with_crafting_table":24,"minecraft:leave_game":1,"minecraft:time_since_death":90025,"minecraft:climb_one_cm":1280,"minecraft:sprint_one_cm":415759,"minecraft:walk_one_cm":110698,"minecraft:damage_blocked_by_shield":539,"minecraft:drop":30,"minecraft:play_time":105102,"minecraft:deaths":2,"minecraft:sneak_time":4810,"minecraft:walk_under_water_one_cm":8619,"minecraft:boat_one_cm":17258,"minecraft:jump":2397,"minecraft:walk_on_water_one_cm":3316,"minecraft:total_world_time":105102,"minecraft:interact_with_furnace":143,"minecraft:sleep_in_bed":5,"minecraft:time_since_rest":14619,"minecraft:damage_taken":2381,"minecraft:damage_dealt":12956,"minecraft:swim_one_cm":15682,"minecraft:fly_one_cm":544083,"minecraft:open_chest":22,"minecraft:crouch_one_cm":13184,"minecraft:fall_one_cm":72946,"minecraft:horse_one_cm":655}},"DataVersion":3700}