{"stats":{"minecraft:killed":{"minecraft:spider":4,"minecraft:skeleton":46,"minecraft:chicken":2,"minecraft:drowned":1,"minecraft:pig":16,"minecraft:salmon":21,"minecraft:creeper":2,"minecraft:sheep":11,"minecraft:zombie":30,"minecraft:enderman":3,"minecraft:cow":4},"minecraft:mined":{"minecraft:tuff":76,"minecraft:white_bed":4,"minecraft:oak_sapling":2,"minecraft:mossy_cobblestone":9,"minecraft:deepslate_diamond_ore":142,"minecraft:oak_door":2,"minecraft:cobblestone_stairs":1,"minecraft:granite":13,"minecraft:grass_block":1880,"minecraft:kelp":4,"minecraft:oxeye_daisy":1,"minecraft:sandstone":434,"minecraft:hay_block":16,"minecraft:redstone_ore":1,"minecraft:magma_block":10,"minecraft:oak_trapdoor":4,"minecraft:carrots":18,"minecraft:furnace":12,"minecraft:iron_ore":97,"minecraft:andesite":81,"minecraft:anvil":1,"minecraft:fletching_table":10,"minecraft:potatoes":27,"minecraft:dirt_path":26,"minecraft:water_cauldron":3,"minecraft:deepslate_iron_ore":43,"minecraft:oak_stairs":94,"minecraft:stripped_oak_log":16,"minecraft:stone":1136,"minecraft:deepslate_redstone_ore":7,"minecraft:glass_pane":4,"minecraft:kelp_plant":5,"minecraft:dandelion":7,"minecraft:oak_fence":22,"minecraft:cornflower":3,"minecraft:crafting_table":16,"minecraft:torch":5,"minecraft:short_grass":572,"minecraft:poppy":2,"minecraft:chest":4,"minecraft:copper_ore":5,"minecraft:tall_grass":95,"minecraft:cobblestone":60,"minecraft:deepslate_gold_ore":1,"minecraft:lapis_ore":4,"minecraft:oak_planks":147,"minecraft:diorite":3,"minecraft:wall_torch":3,"minecraft:wheat":23,"minecraft:white_carpet":3,"minecraft:stripped_oak_wood":2,"minecraft:yellow_bed":4,"minecraft:oak_log":358,"minecraft:coal_ore":151,"minecraft:beetroots":3,"minecraft:gravel":158,"minecraft:sand":1740,"minecraft:dirt":3012,"minecraft:netherrack":24,"minecraft:oak_leaves":91,"minecraft:deepslate":691},"minecraft:picked_up":{"minecraft:iron_chestplate":1,"minecraft:crafting_table":18,"minecraft:wheat":2,"minecraft:chicken":4,"minecraft:anvil":1,"minecraft:oak_stairs":92,"minecraft:raw_copper":19,"minecraft:cornflower":4,"minecraft:string":4,"minecraft:oak_trapdoor":3,"minecraft:iron_leggings":1,"minecraft:white_carpet":3,"minecraft:cobbled_deepslate":514,"minecraft:beef":7,"minecraft:oak_boat":2,"minecraft:poppy":4,"minecraft:chest":5,"minecraft:furnace":13,"minecraft:iron_boots":1,"minecraft:egg":6,"minecraft:stick":2210,"minecraft:raw_iron":147,"minecraft:sandstone":400,"minecraft:oak_door":2,"minecraft:oak_fence":23,"minecraft:torch":20,"minecraft:porkchop":33,"minecraft:diorite":3,"minecraft:carrot":19,"minecraft:redstone":35,"minecraft:cauldron":3,"minecraft:stone_sword":1,"minecraft:arrow":57,"minecraft:rotten_flesh":27,"minecraft:beetroot_seeds":3,"minecraft:hay_block":16,"minecraft:mutton":13,"minecraft:white_wool":14,"minecraft:cobblestone":1312,"minecraft:oxeye_daisy":1,"minecraft:stripped_oak_log":16,"minecraft:magma_block":11,"minecraft:feather":2,"minecraft:cooked_beef":1,"minecraft:andesite":51,"minecraft:salmon":21,"minecraft:leather":6,"minecraft:potato":72,"minecraft:flint":17,"minecraft:tuff":44,"minecraft:oak_log":355,"minecraft:yellow_bed":4,"minecraft:cobblestone_stairs":1,"minecraft:lapis_lazuli":40,"minecraft:dirt":3246,"minecraft:cooked_mutton":6,"minecraft:bone":51,"minecraft:apple":4,"minecraft:bow":7,"minecraft:kelp":13,"minecraft:stonecutter":1,"minecraft:wheat_seeds":116,"minecraft:iron_ingot":62,"minecraft:cooked_chicken":1,"minecraft:stripped_oak_wood":2,"minecraft:fletching_table":10,"minecraft:oak_planks":199,"minecraft:cooked_porkchop":4,"minecraft:dandelion":9,"minecraft:gravel":149,"minecraft:sand":1572,"minecraft:white_bed":4,"minecraft:grass_block":944,"minecraft:spider_eye":1,"minecraft:mossy_cobblestone":9,"minecraft:diamond":244,"minecraft:stone_axe":1,"minecraft:iron_helmet":1,"minecraft:granite":14,"minecraft:bone_meal":2,"minecraft:oak_sapling":109,"minecraft:netherrack":47,"minecraft:black_wool":2,"minecraft:coal":407,"minecraft:ender_pearl":2},"minecraft:used":{"minecraft:oak_fence":93,"minecraft:stone_sword":1,"minecraft:iron_shovel":1541,"minecraft:ladder":6,"minecraft:chest":38,"minecraft:shield":45,"minecraft:iron_sword":95,"minecraft:cooked_salmon":21,"minecraft:cooked_chicken":3,"minecraft:rotten_flesh":1,"minecraft:torch":33,"minecraft:dirt":1189,"minecraft:anvil":1,"minecraft:white_carpet":9,"minecraft:oak_fence_gate":1,"minecraft:iron_hoe":80,"minecraft:grass_block":848,"minecraft:iron_axe":474,"minecraft:bow":1,"minecraft:oak_sapling":80,"minecraft:furnace":19,"minecraft:egg":4,"minecraft:potato":88,"minecraft:cooked_beef":7,"minecraft:cobbled_deepslate":25,"minecraft:cooked_mutton":13,"minecraft:water_bucket":1,"minecraft:stone_pickaxe":106,"minecraft:wooden_pickaxe":59,"minecraft:diamond_axe":329,"minecraft:fletching_table":18,"minecraft:sand":12,"minecraft:crafting_table":21,"minecraft:white_bed":6,"minecraft:diamond_pickaxe":2355,"minecraft:apple":1,"minecraft:diamond_shovel":5250,"minecraft:bread":48,"minecraft:iron_pickaxe":501,"minecraft:gravel":126,"minecraft:stone_axe":42,"minecraft:diamond_sword":92,"minecraft:cobblestone":113,"minecraft:cooked_porkchop":25,"minecraft:bucket":1,"minecraft:andesite":5,"minecraft:yellow_bed":4,"minecraft:oak_boat":2,"minecraft:bone_meal":111},"minecraft:dropped":{"minecraft:wheat_seeds":112,"minecraft:mossy_cobblestone":9,"minecraft:oak_fence":2,"minecraft:feather":2,"minecraft:iron_helmet":2,"minecraft:cobblestone":29,"minecraft:leather":5,"minecraft:granite":5,"minecraft:flint":1,"minecraft:cobblestone_stairs":1,"minecraft:oxeye_daisy":1,"minecraft:diorite":3,"minecraft:cornflower":4,"minecraft:iron_leggings":2,"minecraft:bone_meal":2,"minecraft:stonecutter":1,"minecraft:string":4,"minecraft:dandelion":9,"minecraft:cauldron":3,"minecraft:bone":14,"minecraft:oak_door":2,"minecraft:gravel":7,"minecraft:stone_axe":1,"minecraft:kelp":13,"minecraft:oak_trapdoor":3,"minecraft:stone_sword":2,"minecraft:cobbled_deepslate":5,"minecraft:raw_copper":19,"minecraft:tuff":44,"minecraft:wheat":2,"minecraft:chicken":1,"minecraft:rotten_flesh":26,"minecraft:iron_boots":2,"minecraft:carrot":1,"minecraft:poppy":4,"minecraft:iron_chestplate":2,"minecraft:andesite":23,"minecraft:beetroot_seeds":3,"minecraft:oak_sapling":4,"minecraft:spider_eye":1,"minecraft:bow":7,"minecraft:arrow":57,"minecraft:stone_pickaxe":1,"minecraft:magma_block":1,"minecraft:netherrack":47,"minecraft:black_wool":1,"minecraft:egg":2},"minecraft:custom":{"minecraft:interact_with_anvil":1,"minecraft:mob_kills":142,"minecraft:interact_with_crafting_table":75,"minecraft:leave_game":11,"minecraft:time_since_death":353367,"minecraft:climb_one_cm":10209,"minecraft:sprint_one_cm":1577339,"minecraft:walk_one_cm":566295,"minecraft:damage_blocked_by_shield":1930,"minecraft:drop":213,"minecraft:talked_to_villager":21,"minecraft:play_time":370140,"minecraft:sneak_time":16863,"minecraft:deaths":1,"minecraft:walk_under_water_one_cm":39098,"minecraft:boat_one_cm":13882,"minecraft:jump":6086,"minecraft:walk_on_water_one_cm":22945,"minecraft:enchant_item":2,"minecraft:total_world_time":370140,"minecraft:interact_with_furnace":93,"minecraft:traded_with_villager":30,"minecraft:sleep_in_bed":16,"minecraft:time_since_rest":9252,"minecraft:damage_taken":4999,"minecraft:damage_dealt":21163,"minecraft:swim_one_cm":58116,"minecraft:fly_one_cm":1308240,"minecraft:open_chest":189,"minecraft:crouch_one_cm":54874,"minecraft:fall_one_cm":177050},"minecraft:broken":{"minecraft:iron_shovel":6,"minecraft:wooden_pickaxe":1,"minecraft:diamond_pickaxe":1,"minecraft:iron_axe":2,"minecraft:iron_pickaxe":2},"minecraft:crafted":{"minecraft:oak_planks":1256,"minecraft:cooked_chicken":2,"minecraft:furnace":7,"minecraft:bone_meal":111,"minecraft:diamond_shovel":3,"minecraft:white_carpet":6,"minecraft:cooked_mutton":13,"minecraft:diamond_helmet":1,"minecraft:diamond_leggings":1,"minecraft:iron_boots":1,"minecraft:iron_axe":3,"minecraft:ladder":6,"minecraft:iron_hoe":1,"minecraft:stone_pickaxe":2,"minecraft:chest":33,"minecraft:diamond_boots":1,"minecraft:oak_fence":96,"minecraft:wheat":144,"minecraft:cooked_beef":7,"minecraft:diamond_sword":1,"minecraft:emerald":30,"minecraft:cooked_porkchop":32,"minecraft:diamond_axe":1,"minecraft:crafting_table":5,"minecraft:wooden_pickaxe":1,"minecraft:iron_helmet":1,"minecraft:iron_sword":1,"minecraft:cooked_salmon":17,"minecraft:fletching_table":8,"minecraft:bucket":1,"minecraft:stone_axe":1,"minecraft:bread":48,"minecraft:air":0,"minecraft:oak_fence_gate":1,"minecraft:oak_boat":1,"minecraft:iron_chestplate":1,"minecraft:diamond_pickaxe":2,"minecraft:shield":1,"minecraft:stick":1280,"minecraft:iron_ingot":112,"minecraft:iron_pickaxe":2,"minecraft:iron_block":3,"minecraft:stone_sword":2,"minecraft:iron_shovel":6,"minecraft:iron_leggings":1,"minecraft:anvil":1,"minecraft:white_bed":2,"minecraft:torch":20,"minecraft:diamond_chestplate":1}},"DataVersion":3700}