{"stats":{"minecraft:killed":{"minecraft:pig":19,"minecraft:zombie_villager":1,"minecraft:salmon":4,"minecraft:spider":2,"minecraft:cod":2,"minecraft:creeper":2,"minecraft:sheep":18,"minecraft:skeleton":6,"minecraft:zombie":16,"minecraft:chicken":23,"minecraft:tropical_fish":1,"minecraft:cow":8},"minecraft:picked_up":{"minecraft:birch_log":10,"minecraft:cocoa_beans":9,"minecraft:crafting_table":3,"minecraft:feather":17,"minecraft:cooked_beef":10,"minecraft:chicken":23,"minecraft:salmon":3,"minecraft:jungle_log":14,"minecraft:leather":4,"minecraft:oak_log":53,"minecraft:gunpowder":6,"minecraft:acacia_boat":1,"minecraft:dirt":29,"minecraft:string":2,"minecraft:bone":6,"minecraft:wheat_seeds":15,"minecraft:raw_gold":7,"minecraft:iron_ingot":13,"minecraft:beef":13,"minecraft:light_gray_wool":1,"minecraft:furnace":7,"minecraft:egg":5,"minecraft:raw_iron":76,"minecraft:torch":1,"minecraft:acacia_log":5,"minecraft:porkchop":42,"minecraft:diorite":3,"minecraft:white_bed":4,"minecraft:spider_eye":1,"minecraft:stone_sword":1,"minecraft:arrow":2,"minecraft:rotten_flesh":18,"minecraft:tropical_fish":2,"minecraft:granite":1,"minecraft:bone_meal":1,"minecraft:oak_sapling":3,"minecraft:mutton":26,"minecraft:cod":2,"minecraft:coal":219,"minecraft:white_wool":17,"minecraft:cobblestone":164},"minecraft:killed_by":{"minecraft:zombie":1},"minecraft:crafted":{"minecraft:cooked_beef":14,"minecraft:cooked_cod":2,"minecraft:oak_planks":80,"minecraft:cooked_porkchop":31,"minecraft:crafting_table":2,"minecraft:iron_helmet":1,"minecraft:wooden_pickaxe":2,"minecraft:cooked_chicken":17,"minecraft:furnace":10,"minecraft:cooked_salmon":3,"minecraft:birch_planks":40,"minecraft:stone_axe":2,"minecraft:acacia_boat":1,"minecraft:cooked_mutton":26,"minecraft:air":0,"minecraft:jungle_planks":36,"minecraft:iron_boots":1,"minecraft:iron_chestplate":1,"minecraft:shield":1,"minecraft:stick":76,"minecraft:iron_ingot":64,"minecraft:iron_pickaxe":1,"minecraft:stone_pickaxe":2,"minecraft:wooden_axe":1,"minecraft:stone_sword":2,"minecraft:iron_leggings":1,"minecraft:acacia_planks":12,"minecraft:torch":48},"minecraft:used":{"minecraft:acacia_boat":1,"minecraft:water_bucket":5,"minecraft:diorite":3,"minecraft:stone_sword":70,"minecraft:stone_pickaxe":75,"minecraft:wooden_pickaxe":56,"minecraft:shield":26,"minecraft:iron_sword":55,"minecraft:cooked_chicken":2,"minecraft:rotten_flesh":2,"minecraft:torch":42,"minecraft:dirt":28,"minecraft:crafting_table":4,"minecraft:white_bed":4,"minecraft:granite":1,"minecraft:oak_log":1,"minecraft:wooden_axe":1,"minecraft:chicken":1,"minecraft:iron_axe":22,"minecraft:iron_pickaxe":268,"minecraft:stone_axe":87,"minecraft:cobblestone":40,"minecraft:furnace":13,"minecraft:cooked_porkchop":1,"minecraft:bucket":6,"minecraft:egg":4,"minecraft:cooked_beef":22},"minecraft:dropped":{"minecraft:iron_ingot":63,"minecraft:wheat_seeds":13,"minecraft:stone_sword":1,"minecraft:feather":17,"minecraft:rotten_flesh":16,"minecraft:light_gray_wool":1,"minecraft:leather":2,"minecraft:tropical_fish":2,"minecraft:gunpowder":8,"minecraft:oak_sapling":2,"minecraft:spider_eye":1,"minecraft:bone_meal":1,"minecraft:arrow":2,"minecraft:string":2,"minecraft:egg":1},"minecraft:broken":{"minecraft:iron_pickaxe":1},"minecraft:mined":{"minecraft:white_bed":4,"minecraft:jungle_leaves":2,"minecraft:crafting_table":3,"minecraft:granite":1,"minecraft:short_grass":127,"minecraft:acacia_log":5,"minecraft:grass_block":15,"minecraft:jungle_log":14,"minecraft:cobblestone":4,"minecraft:tall_grass":28,"minecraft:diorite":3,"minecraft:furnace":7,"minecraft:birch_log":10,"minecraft:iron_ore":77,"minecraft:fire":14,"minecraft:oak_log":54,"minecraft:coal_ore":139,"minecraft:vine":2,"minecraft:dirt":15,"minecraft:cobweb":1,"minecraft:stone":160,"minecraft:gold_ore":7,"minecraft:fern":9,"minecraft:oak_leaves":22},"minecraft:custom":{"minecraft:interact_with_furnace":142,"minecraft:mob_kills":104,"minecraft:interact_with_crafting_table":24,"minecraft:leave_game":1,"minecraft:time_since_death":78025,"minecraft:sleep_in_bed":5,"minecraft:climb_one_cm":1280,"minecraft:time_since_rest":2619,"minecraft:sprint_one_cm":356205,"minecraft:damage_taken":1877,"minecraft:walk_one_cm":93462,"minecraft:damage_blocked_by_shield":489,"minecraft:drop":30,"minecraft:damage_dealt":10681,"minecraft:swim_one_cm":13989,"minecraft:fly_one_cm":501674,"minecraft:open_chest":19,"minecraft:crouch_one_cm":8360,"minecraft:play_time":93102,"minecraft:deaths":2,"minecraft:sneak_time":3266,"minecraft:walk_under_water_one_cm":6811,"minecraft:boat_one_cm":17258,"minecraft:jump":2185,"minecraft:walk_on_water_one_cm":2817,"minecraft:total_world_time":93102,"minecraft:fall_one_cm":66768,"minecraft:horse_one_cm":655}},"DataVersion":3700}