{"stats":{"minecraft:killed":{"minecraft:spider":10,"minecraft:skeleton":61,"minecraft:chicken":2,"minecraft:drowned":1,"minecraft:pig":26,"minecraft:salmon":21,"minecraft:creeper":2,"minecraft:sheep":21,"minecraft:zombie":31,"minecraft:enderman":3,"minecraft:cow":9},"minecraft:mined":{"minecraft:tuff":76,"minecraft:white_bed":4,"minecraft:oak_sapling":3,"minecraft:mossy_cobblestone":9,"minecraft:deepslate_diamond_ore":142,"minecraft:oak_door":2,"minecraft:cobblestone_stairs":1,"minecraft:granite":16,"minecraft:grass_block":2020,"minecraft:kelp":4,"minecraft:oxeye_daisy":2,"minecraft:sandstone":588,"minecraft:hay_block":29,"minecraft:redstone_ore":1,"minecraft:magma_block":10,"minecraft:oak_trapdoor":4,"minecraft:carrots":18,"minecraft:furnace":12,"minecraft:iron_ore":97,"minecraft:andesite":81,"minecraft:anvil":1,"minecraft:fletching_table":10,"minecraft:potatoes":68,"minecraft:dirt_path":26,"minecraft:water_cauldron":3,"minecraft:deepslate_iron_ore":43,"minecraft:oak_stairs":94,"minecraft:stripped_oak_log":16,"minecraft:stone":2012,"minecraft:deepslate_redstone_ore":7,"minecraft:glass_pane":4,"minecraft:kelp_plant":5,"minecraft:dandelion":7,"minecraft:oak_fence":22,"minecraft:cornflower":3,"minecraft:crafting_table":17,"minecraft:torch":5,"minecraft:short_grass":656,"minecraft:poppy":2,"minecraft:chest":10,"minecraft:lectern":2,"minecraft:copper_ore":13,"minecraft:tall_grass":122,"minecraft:cobblestone":65,"minecraft:deepslate_gold_ore":1,"minecraft:lapis_ore":4,"minecraft:oak_planks":147,"minecraft:diorite":3,"minecraft:wall_torch":5,"minecraft:wheat":23,"minecraft:white_carpet":3,"minecraft:stripped_oak_wood":2,"minecraft:yellow_bed":4,"minecraft:oak_log":445,"minecraft:coal_ore":234,"minecraft:beetroots":3,"minecraft:gravel":175,"minecraft:sand":1740,"minecraft:dirt":4544,"minecraft:netherrack":24,"minecraft:oak_leaves":176,"minecraft:deepslate":691},"minecraft:picked_up":{"minecraft:iron_chestplate":1,"minecraft:crafting_table":19,"minecraft:wheat":2,"minecraft:chicken":4,"minecraft:anvil":1,"minecraft:oak_stairs":276,"minecraft:raw_copper":47,"minecraft:cornflower":4,"minecraft:string":4,"minecraft:oak_trapdoor":3,"minecraft:iron_leggings":1,"minecraft:white_carpet":3,"minecraft:cobbled_deepslate":514,"minecraft:beef":18,"minecraft:oak_boat":2,"minecraft:poppy":4,"minecraft:lectern":2,"minecraft:chest":11,"minecraft:furnace":13,"minecraft:iron_boots":1,"minecraft:egg":6,"minecraft:stick":2230,"minecraft:raw_iron":147,"minecraft:sandstone":477,"minecraft:oak_door":2,"minecraft:oak_fence":23,"minecraft:torch":23,"minecraft:porkchop":54,"minecraft:diorite":3,"minecraft:carrot":19,"minecraft:redstone":35,"minecraft:cauldron":3,"minecraft:stone_sword":1,"minecraft:arrow":72,"minecraft:rotten_flesh":28,"minecraft:beetroot_seeds":3,"minecraft:hay_block":29,"minecraft:mutton":26,"minecraft:white_wool":24,"minecraft:cobblestone":2174,"minecraft:oxeye_daisy":3,"minecraft:stripped_oak_log":16,"minecraft:magma_block":11,"minecraft:feather":2,"minecraft:cooked_beef":1,"minecraft:andesite":51,"minecraft:salmon":21,"minecraft:leather":8,"minecraft:potato":214,"minecraft:flint":17,"minecraft:tuff":44,"minecraft:oak_log":453,"minecraft:yellow_bed":4,"minecraft:cobblestone_stairs":1,"minecraft:lapis_lazuli":40,"minecraft:dirt":4992,"minecraft:cooked_mutton":6,"minecraft:bone":65,"minecraft:apple":8,"minecraft:bow":8,"minecraft:kelp":13,"minecraft:stonecutter":1,"minecraft:wheat_seeds":140,"minecraft:iron_ingot":62,"minecraft:cooked_chicken":1,"minecraft:stripped_oak_wood":2,"minecraft:fletching_table":10,"minecraft:oak_planks":427,"minecraft:cooked_porkchop":4,"minecraft:dandelion":9,"minecraft:gravel":165,"minecraft:sand":1610,"minecraft:white_bed":4,"minecraft:grass_block":1072,"minecraft:spider_eye":3,"minecraft:mossy_cobblestone":9,"minecraft:diamond":244,"minecraft:stone_axe":1,"minecraft:iron_helmet":1,"minecraft:granite":17,"minecraft:bone_meal":2,"minecraft:oak_sapling":144,"minecraft:netherrack":47,"minecraft:black_wool":2,"minecraft:coal":490,"minecraft:ender_pearl":2},"minecraft:used":{"minecraft:oak_fence":93,"minecraft:stone_sword":1,"minecraft:iron_shovel":1541,"minecraft:ladder":6,"minecraft:chest":44,"minecraft:shield":50,"minecraft:iron_sword":95,"minecraft:cooked_salmon":21,"minecraft:cooked_chicken":3,"minecraft:rotten_flesh":1,"minecraft:torch":34,"minecraft:dirt":1585,"minecraft:anvil":2,"minecraft:white_carpet":9,"minecraft:carrot":9,"minecraft:oak_fence_gate":1,"minecraft:iron_hoe":80,"minecraft:grass_block":888,"minecraft:iron_axe":474,"minecraft:bow":1,"minecraft:oak_sapling":94,"minecraft:furnace":19,"minecraft:egg":4,"minecraft:potato":138,"minecraft:cooked_beef":7,"minecraft:cobbled_deepslate":25,"minecraft:cooked_mutton":13,"minecraft:water_bucket":9,"minecraft:stone_pickaxe":106,"minecraft:wooden_pickaxe":59,"minecraft:diamond_axe":526,"minecraft:fletching_table":18,"minecraft:sand":12,"minecraft:crafting_table":22,"minecraft:white_bed":6,"minecraft:diamond_pickaxe":3484,"minecraft:apple":1,"minecraft:diamond_shovel":6921,"minecraft:bread":68,"minecraft:iron_pickaxe":501,"minecraft:lectern":2,"minecraft:gravel":126,"minecraft:stone_axe":42,"minecraft:diamond_sword":135,"minecraft:cobblestone":161,"minecraft:cooked_porkchop":33,"minecraft:bucket":10,"minecraft:andesite":5,"minecraft:yellow_bed":4,"minecraft:oak_boat":2,"minecraft:bone_meal":153},"minecraft:dropped":{"minecraft:oak_slab":2,"minecraft:wheat_seeds":136,"minecraft:lapis_lazuli":17,"minecraft:mossy_cobblestone":9,"minecraft:oak_fence":26,"minecraft:feather":2,"minecraft:iron_helmet":2,"minecraft:cobblestone":32,"minecraft:leather":6,"minecraft:granite":8,"minecraft:stick":1,"minecraft:flint":1,"minecraft:cobblestone_stairs":1,"minecraft:oxeye_daisy":2,"minecraft:diorite":3,"minecraft:cornflower":4,"minecraft:iron_leggings":2,"minecraft:bone_meal":2,"minecraft:stonecutter":1,"minecraft:string":4,"minecraft:dandelion":9,"minecraft:cauldron":3,"minecraft:bone":14,"minecraft:oak_door":2,"minecraft:gravel":23,"minecraft:stone_axe":1,"minecraft:kelp":13,"minecraft:oak_trapdoor":3,"minecraft:stone_sword":2,"minecraft:cobbled_deepslate":5,"minecraft:raw_copper":29,"minecraft:tuff":44,"minecraft:wheat":2,"minecraft:chicken":1,"minecraft:rotten_flesh":27,"minecraft:iron_boots":2,"minecraft:iron_hoe":1,"minecraft:diamond_shovel":1,"minecraft:carrot":1,"minecraft:poppy":4,"minecraft:iron_chestplate":2,"minecraft:andesite":24,"minecraft:beetroot_seeds":3,"minecraft:oak_sapling":4,"minecraft:spider_eye":3,"minecraft:sandstone":7,"minecraft:bow":8,"minecraft:arrow":72,"minecraft:stone_pickaxe":1,"minecraft:magma_block":1,"minecraft:netherrack":47,"minecraft:black_wool":1,"minecraft:egg":2},"minecraft:custom":{"minecraft:interact_with_anvil":2,"minecraft:mob_kills":190,"minecraft:interact_with_crafting_table":81,"minecraft:leave_game":11,"minecraft:time_since_death":425367,"minecraft:climb_one_cm":12779,"minecraft:sprint_one_cm":1986572,"minecraft:walk_one_cm":666738,"minecraft:damage_blocked_by_shield":2065,"minecraft:drop":251,"minecraft:talked_to_villager":32,"minecraft:play_time":442140,"minecraft:sneak_time":19283,"minecraft:deaths":1,"minecraft:walk_under_water_one_cm":39915,"minecraft:boat_one_cm":13882,"minecraft:jump":7886,"minecraft:walk_on_water_one_cm":24578,"minecraft:enchant_item":2,"minecraft:total_world_time":442140,"minecraft:interact_with_furnace":113,"minecraft:traded_with_villager":80,"minecraft:sleep_in_bed":20,"minecraft:time_since_rest":4961,"minecraft:damage_taken":6053,"minecraft:damage_dealt":27488,"minecraft:swim_one_cm":59115,"minecraft:fly_one_cm":1756301,"minecraft:open_chest":332,"minecraft:crouch_one_cm":64520,"minecraft:fall_one_cm":238340},"minecraft:broken":{"minecraft:iron_shovel":6,"minecraft:wooden_pickaxe":1,"minecraft:diamond_pickaxe":1,"minecraft:iron_axe":2,"minecraft:iron_pickaxe":2},"minecraft:crafted":{"minecraft:oak_planks":1600,"minecraft:cooked_chicken":2,"minecraft:furnace":7,"minecraft:bone_meal":153,"minecraft:diamond_shovel":3,"minecraft:white_carpet":6,"minecraft:cooked_mutton":13,"minecraft:diamond_helmet":1,"minecraft:diamond_leggings":1,"minecraft:iron_boots":1,"minecraft:iron_axe":3,"minecraft:ladder":6,"minecraft:iron_hoe":1,"minecraft:stone_pickaxe":2,"minecraft:chest":33,"minecraft:diamond_boots":1,"minecraft:oak_fence":96,"minecraft:wheat":261,"minecraft:cooked_beef":7,"minecraft:oak_slab":6,"minecraft:diamond_sword":1,"minecraft:emerald":79,"minecraft:cooked_porkchop":32,"minecraft:diamond_axe":1,"minecraft:crafting_table":6,"minecraft:baked_potato":99,"minecraft:wooden_pickaxe":1,"minecraft:iron_helmet":1,"minecraft:iron_sword":1,"minecraft:cooked_salmon":17,"minecraft:fletching_table":8,"minecraft:bucket":1,"minecraft:stone_axe":1,"minecraft:enchanted_book":1,"minecraft:bread":87,"minecraft:air":0,"minecraft:oak_fence_gate":1,"minecraft:oak_boat":1,"minecraft:lectern":1,"minecraft:iron_chestplate":1,"minecraft:diamond_pickaxe":3,"minecraft:shield":1,"minecraft:stick":2432,"minecraft:iron_ingot":112,"minecraft:iron_pickaxe":2,"minecraft:iron_block":3,"minecraft:stone_sword":2,"minecraft:iron_shovel":6,"minecraft:iron_leggings":1,"minecraft:anvil":1,"minecraft:white_bed":2,"minecraft:torch":20,"minecraft:diamond_chestplate":1}},"DataVersion":3700}