{"stats":{"minecraft:killed":{"minecraft:spider":9,"minecraft:skeleton":55,"minecraft:chicken":2,"minecraft:drowned":1,"minecraft:pig":16,"minecraft:salmon":21,"minecraft:creeper":2,"minecraft:sheep":11,"minecraft:zombie":31,"minecraft:enderman":3,"minecraft:cow":4},"minecraft:mined":{"minecraft:tuff":76,"minecraft:white_bed":4,"minecraft:oak_sapling":3,"minecraft:mossy_cobblestone":9,"minecraft:deepslate_diamond_ore":142,"minecraft:oak_door":2,"minecraft:cobblestone_stairs":1,"minecraft:granite":16,"minecraft:grass_block":2017,"minecraft:kelp":4,"minecraft:oxeye_daisy":1,"minecraft:sandstone":443,"minecraft:hay_block":23,"minecraft:redstone_ore":1,"minecraft:magma_block":10,"minecraft:oak_trapdoor":4,"minecraft:carrots":18,"minecraft:furnace":12,"minecraft:iron_ore":97,"minecraft:andesite":81,"minecraft:anvil":1,"minecraft:fletching_table":10,"minecraft:potatoes":27,"minecraft:dirt_path":26,"minecraft:water_cauldron":3,"minecraft:deepslate_iron_ore":43,"minecraft:oak_stairs":94,"minecraft:stripped_oak_log":16,"minecraft:stone":1222,"minecraft:deepslate_redstone_ore":7,"minecraft:glass_pane":4,"minecraft:kelp_plant":5,"minecraft:dandelion":7,"minecraft:oak_fence":22,"minecraft:cornflower":3,"minecraft:crafting_table":16,"minecraft:torch":5,"minecraft:short_grass":611,"minecraft:poppy":2,"minecraft:chest":10,"minecraft:copper_ore":5,"minecraft:tall_grass":109,"minecraft:cobblestone":60,"minecraft:deepslate_gold_ore":1,"minecraft:lapis_ore":4,"minecraft:oak_planks":147,"minecraft:diorite":3,"minecraft:wall_torch":3,"minecraft:wheat":23,"minecraft:white_carpet":3,"minecraft:stripped_oak_wood":2,"minecraft:yellow_bed":4,"minecraft:oak_log":442,"minecraft:coal_ore":196,"minecraft:beetroots":3,"minecraft:gravel":175,"minecraft:sand":1740,"minecraft:dirt":4512,"minecraft:netherrack":24,"minecraft:oak_leaves":176,"minecraft:deepslate":691},"minecraft:picked_up":{"minecraft:iron_chestplate":1,"minecraft:crafting_table":18,"minecraft:wheat":2,"minecraft:chicken":4,"minecraft:anvil":1,"minecraft:oak_stairs":276,"minecraft:raw_copper":19,"minecraft:cornflower":4,"minecraft:string":4,"minecraft:oak_trapdoor":3,"minecraft:iron_leggings":1,"minecraft:white_carpet":3,"minecraft:cobbled_deepslate":514,"minecraft:beef":7,"minecraft:oak_boat":2,"minecraft:poppy":4,"minecraft:chest":11,"minecraft:furnace":13,"minecraft:iron_boots":1,"minecraft:egg":6,"minecraft:stick":2230,"minecraft:raw_iron":147,"minecraft:sandstone":407,"minecraft:oak_door":2,"minecraft:oak_fence":23,"minecraft:torch":20,"minecraft:porkchop":33,"minecraft:diorite":3,"minecraft:carrot":19,"minecraft:redstone":35,"minecraft:cauldron":3,"minecraft:stone_sword":1,"minecraft:arrow":64,"minecraft:rotten_flesh":28,"minecraft:beetroot_seeds":3,"minecraft:hay_block":23,"minecraft:mutton":13,"minecraft:white_wool":14,"minecraft:cobblestone":1400,"minecraft:oxeye_daisy":1,"minecraft:stripped_oak_log":16,"minecraft:magma_block":11,"minecraft:feather":2,"minecraft:cooked_beef":1,"minecraft:andesite":51,"minecraft:salmon":21,"minecraft:leather":6,"minecraft:potato":72,"minecraft:flint":17,"minecraft:tuff":44,"minecraft:oak_log":451,"minecraft:yellow_bed":4,"minecraft:cobblestone_stairs":1,"minecraft:lapis_lazuli":40,"minecraft:dirt":4957,"minecraft:cooked_mutton":6,"minecraft:bone":59,"minecraft:apple":8,"minecraft:bow":8,"minecraft:kelp":13,"minecraft:stonecutter":1,"minecraft:wheat_seeds":136,"minecraft:iron_ingot":62,"minecraft:cooked_chicken":1,"minecraft:stripped_oak_wood":2,"minecraft:fletching_table":10,"minecraft:oak_planks":427,"minecraft:cooked_porkchop":4,"minecraft:dandelion":9,"minecraft:gravel":165,"minecraft:sand":1610,"minecraft:white_bed":4,"minecraft:grass_block":1072,"minecraft:spider_eye":3,"minecraft:mossy_cobblestone":9,"minecraft:diamond":244,"minecraft:stone_axe":1,"minecraft:iron_helmet":1,"minecraft:granite":17,"minecraft:bone_meal":2,"minecraft:oak_sapling":144,"minecraft:netherrack":47,"minecraft:black_wool":2,"minecraft:coal":452,"minecraft:ender_pearl":2},"minecraft:used":{"minecraft:oak_fence":93,"minecraft:stone_sword":1,"minecraft:iron_shovel":1541,"minecraft:ladder":6,"minecraft:chest":44,"minecraft:shield":49,"minecraft:iron_sword":95,"minecraft:cooked_salmon":21,"minecraft:cooked_chicken":3,"minecraft:rotten_flesh":1,"minecraft:torch":33,"minecraft:dirt":1230,"minecraft:anvil":2,"minecraft:white_carpet":9,"minecraft:carrot":9,"minecraft:oak_fence_gate":1,"minecraft:iron_hoe":80,"minecraft:grass_block":888,"minecraft:iron_axe":474,"minecraft:bow":1,"minecraft:oak_sapling":94,"minecraft:furnace":19,"minecraft:egg":4,"minecraft:potato":88,"minecraft:cooked_beef":7,"minecraft:cobbled_deepslate":25,"minecraft:cooked_mutton":13,"minecraft:water_bucket":1,"minecraft:stone_pickaxe":106,"minecraft:wooden_pickaxe":59,"minecraft:diamond_axe":472,"minecraft:fletching_table":18,"minecraft:sand":12,"minecraft:crafting_table":21,"minecraft:white_bed":6,"minecraft:diamond_pickaxe":2498,"minecraft:apple":1,"minecraft:diamond_shovel":6907,"minecraft:bread":48,"minecraft:iron_pickaxe":501,"minecraft:gravel":126,"minecraft:stone_axe":42,"minecraft:diamond_sword":131,"minecraft:cobblestone":129,"minecraft:cooked_porkchop":33,"minecraft:bucket":2,"minecraft:andesite":5,"minecraft:yellow_bed":4,"minecraft:oak_boat":2,"minecraft:bone_meal":111},"minecraft:dropped":{"minecraft:wheat_seeds":132,"minecraft:mossy_cobblestone":9,"minecraft:oak_fence":26,"minecraft:feather":2,"minecraft:iron_helmet":2,"minecraft:cobblestone":32,"minecraft:leather":5,"minecraft:granite":8,"minecraft:stick":1,"minecraft:flint":1,"minecraft:cobblestone_stairs":1,"minecraft:oxeye_daisy":1,"minecraft:diorite":3,"minecraft:cornflower":4,"minecraft:iron_leggings":2,"minecraft:bone_meal":2,"minecraft:stonecutter":1,"minecraft:string":4,"minecraft:dandelion":9,"minecraft:cauldron":3,"minecraft:bone":14,"minecraft:oak_door":2,"minecraft:gravel":23,"minecraft:stone_axe":1,"minecraft:kelp":13,"minecraft:oak_trapdoor":3,"minecraft:stone_sword":2,"minecraft:cobbled_deepslate":5,"minecraft:raw_copper":19,"minecraft:tuff":44,"minecraft:wheat":2,"minecraft:chicken":1,"minecraft:rotten_flesh":27,"minecraft:iron_boots":2,"minecraft:carrot":1,"minecraft:poppy":4,"minecraft:iron_chestplate":2,"minecraft:andesite":24,"minecraft:beetroot_seeds":3,"minecraft:oak_sapling":4,"minecraft:spider_eye":3,"minecraft:sandstone":7,"minecraft:bow":8,"minecraft:arrow":64,"minecraft:stone_pickaxe":1,"minecraft:magma_block":1,"minecraft:netherrack":47,"minecraft:black_wool":1,"minecraft:egg":2},"minecraft:custom":{"minecraft:interact_with_anvil":1,"minecraft:mob_kills":158,"minecraft:interact_with_crafting_table":76,"minecraft:leave_game":11,"minecraft:time_since_death":389367,"minecraft:climb_one_cm":11394,"minecraft:sprint_one_cm":1811030,"minecraft:walk_one_cm":606362,"minecraft:damage_blocked_by_shield":2040,"minecraft:drop":238,"minecraft:talked_to_villager":29,"minecraft:play_time":406140,"minecraft:sneak_time":17924,"minecraft:deaths":1,"minecraft:walk_under_water_one_cm":39182,"minecraft:boat_one_cm":13882,"minecraft:jump":7032,"minecraft:walk_on_water_one_cm":23247,"minecraft:enchant_item":2,"minecraft:total_world_time":406140,"minecraft:interact_with_furnace":93,"minecraft:traded_with_villager":79,"minecraft:sleep_in_bed":18,"minecraft:time_since_rest":19089,"minecraft:damage_taken":5526,"minecraft:damage_dealt":23858,"minecraft:swim_one_cm":58915,"minecraft:fly_one_cm":1540201,"minecraft:open_chest":284,"minecraft:crouch_one_cm":57161,"minecraft:fall_one_cm":205177},"minecraft:broken":{"minecraft:iron_shovel":6,"minecraft:wooden_pickaxe":1,"minecraft:diamond_pickaxe":1,"minecraft:iron_axe":2,"minecraft:iron_pickaxe":2},"minecraft:crafted":{"minecraft:oak_planks":1592,"minecraft:cooked_chicken":2,"minecraft:furnace":7,"minecraft:bone_meal":111,"minecraft:diamond_shovel":3,"minecraft:white_carpet":6,"minecraft:cooked_mutton":13,"minecraft:diamond_helmet":1,"minecraft:diamond_leggings":1,"minecraft:iron_boots":1,"minecraft:iron_axe":3,"minecraft:ladder":6,"minecraft:iron_hoe":1,"minecraft:stone_pickaxe":2,"minecraft:chest":33,"minecraft:diamond_boots":1,"minecraft:oak_fence":96,"minecraft:wheat":144,"minecraft:cooked_beef":7,"minecraft:diamond_sword":1,"minecraft:emerald":79,"minecraft:cooked_porkchop":32,"minecraft:diamond_axe":1,"minecraft:crafting_table":5,"minecraft:wooden_pickaxe":1,"minecraft:iron_helmet":1,"minecraft:iron_sword":1,"minecraft:cooked_salmon":17,"minecraft:fletching_table":8,"minecraft:bucket":1,"minecraft:stone_axe":1,"minecraft:bread":48,"minecraft:air":0,"minecraft:oak_fence_gate":1,"minecraft:oak_boat":1,"minecraft:iron_chestplate":1,"minecraft:diamond_pickaxe":2,"minecraft:shield":1,"minecraft:stick":2432,"minecraft:iron_ingot":112,"minecraft:iron_pickaxe":2,"minecraft:iron_block":3,"minecraft:stone_sword":2,"minecraft:iron_shovel":6,"minecraft:iron_leggings":1,"minecraft:anvil":1,"minecraft:white_bed":2,"minecraft:torch":20,"minecraft:diamond_chestplate":1}},"DataVersion":3700}