{"stats":{"minecraft:used":{"minecraft:crafting_table":1,"minecraft:melon_slice":2,"minecraft:wooden_pickaxe":34,"minecraft:gravel":1},"minecraft:picked_up":{"minecraft:jungle_log":8,"minecraft:gravel":1,"minecraft:flint":1,"minecraft:dirt":1,"minecraft:coal":23,"minecraft:melon_slice":3,"minecraft:cobblestone":10},"minecraft:crafted":{"minecraft:stone_sword":1,"minecraft:furnace":1,"minecraft:crafting_table":1,"minecraft:stick":8,"minecraft:wooden_pickaxe":1,"minecraft:jungle_planks":32},"minecraft:custom":{"minecraft:time_since_rest":10523,"minecraft:crouch_one_cm":2374,"minecraft:play_time":10523,"minecraft:sprint_one_cm":13434,"minecraft:damage_taken":40,"minecraft:walk_one_cm":5395,"minecraft:sneak_time":1014,"minecraft:walk_under_water_one_cm":481,"minecraft:jump":60,"minecraft:leave_game":1,"minecraft:time_since_death":10523,"minecraft:walk_on_water_one_cm":321,"minecraft:total_world_time":10523,"minecraft:climb_one_cm":990,"minecraft:interact_with_crafting_table":3,"minecraft:swim_one_cm":2009,"minecraft:fly_one_cm":10115,"minecraft:fall_one_cm":2595},"minecraft:mined":{"minecraft:short_grass":2,"minecraft:coal_ore":24,"minecraft:melon":1,"minecraft:jungle_log":9,"minecraft:gravel":2,"minecraft:dirt":1,"minecraft:jungle_leaves":4,"minecraft:stone":10,"minecraft:fern":1}},"DataVersion":3700}