{"stats":{"minecraft:used":{"minecraft:stone_sword":70,"minecraft:shield":48,"minecraft:iron_sword":190,"minecraft:cooked_chicken":2,"minecraft:rotten_flesh":2,"minecraft:torch":182,"minecraft:dirt":30,"minecraft:tuff":21,"minecraft:granite":1,"minecraft:wooden_axe":1,"minecraft:iron_axe":159,"minecraft:furnace":17,"minecraft:egg":4,"minecraft:cooked_beef":24,"minecraft:cobbled_deepslate":83,"minecraft:calcite":23,"minecraft:cooked_mutton":22,"minecraft:acacia_boat":1,"minecraft:water_bucket":53,"minecraft:diorite":8,"minecraft:birch_planks":8,"minecraft:stone_pickaxe":75,"minecraft:wooden_pickaxe":56,"minecraft:sand":45,"minecraft:crafting_table":7,"minecraft:white_bed":4,"minecraft:oak_log":1,"minecraft:bread":17,"minecraft:chicken":1,"minecraft:iron_pickaxe":869,"minecraft:stone_axe":87,"minecraft:cobblestone":132,"minecraft:cooked_porkchop":31,"minecraft:bucket":54,"minecraft:oak_boat":3},"minecraft:picked_up":{"minecraft:cocoa_beans":9,"minecraft:crafting_table":5,"minecraft:azure_bluet":3,"minecraft:chicken":24,"minecraft:stone_brick_stairs":1,"minecraft:amethyst_block":7,"minecraft:string":6,"minecraft:cobbled_deepslate":83,"minecraft:beef":13,"minecraft:oak_boat":2,"minecraft:calcite":29,"minecraft:poppy":1,"minecraft:light_gray_wool":1,"minecraft:sugar_cane":2,"minecraft:furnace":11,"minecraft:egg":7,"minecraft:stick":2,"minecraft:raw_iron":163,"minecraft:torch":7,"minecraft:acacia_log":5,"minecraft:porkchop":42,"minecraft:diorite":9,"minecraft:cactus":5,"minecraft:rotten_flesh":40,"minecraft:arrow":15,"minecraft:stone_sword":1,"minecraft:tropical_fish":2,"minecraft:hay_block":33,"minecraft:mutton":35,"minecraft:cod":2,"minecraft:white_wool":22,"minecraft:cobblestone":261,"minecraft:oxeye_daisy":2,"minecraft:birch_log":16,"minecraft:magma_block":14,"minecraft:feather":17,"minecraft:cooked_beef":10,"minecraft:andesite":1,"minecraft:salmon":4,"minecraft:jungle_log":14,"minecraft:leather":4,"minecraft:potato":1,"minecraft:birch_planks":3,"minecraft:tuff":21,"minecraft:oak_log":53,"minecraft:gunpowder":16,"minecraft:acacia_boat":1,"minecraft:dirt":35,"minecraft:bone":16,"minecraft:stone_bricks":4,"minecraft:bow":1,"minecraft:wheat_seeds":61,"minecraft:raw_gold":18,"minecraft:iron_ingot":14,"minecraft:mossy_stone_bricks":1,"minecraft:bamboo":128,"minecraft:iron_sword":1,"minecraft:mossy_stone_brick_stairs":1,"minecraft:smooth_basalt":11,"minecraft:stone_brick_slab":2,"minecraft:dandelion":6,"minecraft:sand":45,"minecraft:grass_block":1,"minecraft:white_bed":4,"minecraft:mossy_stone_brick_slab":4,"minecraft:spider_eye":2,"minecraft:diamond":46,"minecraft:granite":2,"minecraft:bone_meal":1,"minecraft:netherrack":51,"minecraft:oak_sapling":4,"minecraft:black_wool":1,"minecraft:coal":468,"minecraft:ender_pearl":1},"minecraft:crafted":{"minecraft:oak_planks":100,"minecraft:cooked_chicken":17,"minecraft:furnace":10,"minecraft:cooked_mutton":26,"minecraft:iron_boots":2,"minecraft:iron_axe":1,"minecraft:stone_pickaxe":2,"minecraft:wheat":252,"minecraft:cooked_beef":14,"minecraft:cooked_cod":2,"minecraft:cooked_porkchop":31,"minecraft:crafting_table":4,"minecraft:iron_helmet":2,"minecraft:wooden_pickaxe":2,"minecraft:iron_sword":1,"minecraft:cooked_salmon":3,"minecraft:birch_planks":44,"minecraft:stone_axe":2,"minecraft:bread":88,"minecraft:acacia_boat":1,"minecraft:air":0,"minecraft:jungle_planks":36,"minecraft:oak_boat":1,"minecraft:iron_chestplate":2,"minecraft:shield":1,"minecraft:stick":116,"minecraft:iron_ingot":190,"minecraft:iron_pickaxe":4,"minecraft:wooden_axe":1,"minecraft:stone_sword":2,"minecraft:gold_ingot":30,"minecraft:iron_leggings":2,"minecraft:acacia_planks":12,"minecraft:torch":176},"minecraft:killed":{"minecraft:witch":1,"minecraft:spider":17,"minecraft:cod":2,"minecraft:skeleton":17,"minecraft:chicken":24,"minecraft:drowned":1,"minecraft:tropical_fish":1,"minecraft:husk":5,"minecraft:pig":19,"minecraft:zombie_villager":1,"minecraft:salmon":5,"minecraft:creeper":13,"minecraft:sheep":25,"minecraft:zombie":43,"minecraft:cow":8,"minecraft:enderman":1},"minecraft:custom":{"minecraft:mob_kills":188,"minecraft:animals_bred":1,"minecraft:interact_with_crafting_table":32,"minecraft:leave_game":2,"minecraft:time_since_death":240696,"minecraft:climb_one_cm":9661,"minecraft:sprint_one_cm":888505,"minecraft:walk_one_cm":219109,"minecraft:damage_blocked_by_shield":1058,"minecraft:drop":107,"minecraft:play_time":255773,"minecraft:deaths":2,"minecraft:sneak_time":8042,"minecraft:walk_under_water_one_cm":17834,"minecraft:boat_one_cm":154208,"minecraft:jump":6105,"minecraft:walk_on_water_one_cm":18535,"minecraft:total_world_time":255773,"minecraft:interact_with_furnace":183,"minecraft:sleep_in_bed":5,"minecraft:time_since_rest":165290,"minecraft:damage_taken":5676,"minecraft:damage_dealt":27170,"minecraft:swim_one_cm":51689,"minecraft:fly_one_cm":1414622,"minecraft:open_chest":60,"minecraft:crouch_one_cm":22598,"minecraft:fall_one_cm":188689,"minecraft:horse_one_cm":6844},"minecraft:mined":{"minecraft:tuff":21,"minecraft:white_bed":4,"minecraft:deepslate_diamond_ore":6,"minecraft:mossy_stone_brick_slab":4,"minecraft:jungle_leaves":3,"minecraft:granite":2,"minecraft:budding_amethyst":1,"minecraft:acacia_log":5,"minecraft:grass_block":21,"minecraft:jungle_log":14,"minecraft:oxeye_daisy":2,"minecraft:hay_block":33,"minecraft:tall_seagrass":4,"minecraft:magma_block":14,"minecraft:furnace":11,"minecraft:iron_ore":150,"minecraft:fire":14,"minecraft:azure_bluet":3,"minecraft:mossy_stone_brick_stairs":1,"minecraft:deepslate_iron_ore":14,"minecraft:vine":2,"minecraft:bamboo":13,"minecraft:stone":246,"minecraft:stone_brick_slab":2,"minecraft:dandelion":8,"minecraft:crafting_table":5,"minecraft:cornflower":1,"minecraft:torch":3,"minecraft:short_grass":425,"minecraft:calcite":30,"minecraft:poppy":1,"minecraft:dead_bush":3,"minecraft:tall_grass":40,"minecraft:cobblestone":13,"minecraft:deepslate_gold_ore":11,"minecraft:wall_torch":1,"minecraft:diorite":9,"minecraft:amethyst_block":8,"minecraft:seagrass":1,"minecraft:birch_planks":7,"minecraft:cactus":1,"minecraft:birch_log":16,"minecraft:birch_leaves":4,"minecraft:stone_brick_stairs":1,"minecraft:oak_log":54,"minecraft:coal_ore":284,"minecraft:sand":38,"minecraft:dirt":15,"minecraft:cobweb":1,"minecraft:smooth_basalt":10,"minecraft:stone_bricks":5,"minecraft:netherrack":56,"minecraft:mossy_stone_bricks":1,"minecraft:gold_ore":7,"minecraft:oak_leaves":23,"minecraft:deepslate":83,"minecraft:fern":43},"minecraft:broken":{"minecraft:iron_axe":1,"minecraft:iron_pickaxe":3,"minecraft:iron_helmet":1},"minecraft:dropped":{"minecraft:iron_ingot":63,"minecraft:iron_sword":1,"minecraft:birch_planks":1,"minecraft:wheat_seeds":44,"minecraft:cobblestone":7,"minecraft:feather":17,"minecraft:amethyst_block":7,"minecraft:leather":2,"minecraft:granite":1,"minecraft:mossy_stone_brick_stairs":1,"minecraft:tropical_fish":2,"minecraft:grass_block":1,"minecraft:stick":7,"minecraft:oxeye_daisy":2,"minecraft:diorite":1,"minecraft:iron_leggings":1,"minecraft:bone_meal":1,"minecraft:string":6,"minecraft:white_wool":2,"minecraft:stone_brick_slab":2,"minecraft:smooth_basalt":11,"minecraft:dandelion":6,"minecraft:bone":10,"minecraft:stone_sword":1,"minecraft:rotten_flesh":38,"minecraft:light_gray_wool":1,"minecraft:iron_boots":1,"minecraft:mossy_stone_brick_slab":4,"minecraft:azure_bluet":3,"minecraft:salmon":1,"minecraft:poppy":1,"minecraft:potato":1,"minecraft:gunpowder":18,"minecraft:iron_chestplate":1,"minecraft:andesite":1,"minecraft:mossy_stone_bricks":1,"minecraft:oak_sapling":3,"minecraft:stone_bricks":4,"minecraft:spider_eye":2,"minecraft:bamboo":1,"minecraft:arrow":14,"minecraft:bow":1,"minecraft:calcite":6,"minecraft:stone_brick_stairs":1,"minecraft:netherrack":3,"minecraft:black_wool":1,"minecraft:egg":3},"minecraft:killed_by":{"minecraft:zombie":1}},"DataVersion":3700}