{"stats":{"minecraft:killed":{"minecraft:spider":7,"minecraft:cod":2,"minecraft:skeleton":7,"minecraft:chicken":23,"minecraft:tropical_fish":1,"minecraft:pig":19,"minecraft:zombie_villager":1,"minecraft:salmon":4,"minecraft:creeper":9,"minecraft:sheep":18,"minecraft:zombie":27,"minecraft:enderman":1,"minecraft:cow":8},"minecraft:picked_up":{"minecraft:cocoa_beans":9,"minecraft:crafting_table":4,"minecraft:azure_bluet":3,"minecraft:chicken":23,"minecraft:amethyst_block":7,"minecraft:string":4,"minecraft:beef":13,"minecraft:calcite":29,"minecraft:poppy":1,"minecraft:light_gray_wool":1,"minecraft:egg":6,"minecraft:furnace":11,"minecraft:raw_iron":116,"minecraft:torch":3,"minecraft:acacia_log":5,"minecraft:porkchop":42,"minecraft:diorite":5,"minecraft:arrow":3,"minecraft:stone_sword":1,"minecraft:rotten_flesh":23,"minecraft:tropical_fish":2,"minecraft:mutton":26,"minecraft:cod":2,"minecraft:white_wool":17,"minecraft:cobblestone":212,"minecraft:oxeye_daisy":2,"minecraft:birch_log":10,"minecraft:feather":17,"minecraft:cooked_beef":10,"minecraft:andesite":1,"minecraft:jungle_log":14,"minecraft:salmon":3,"minecraft:leather":4,"minecraft:potato":1,"minecraft:birch_planks":3,"minecraft:oak_log":53,"minecraft:gunpowder":10,"minecraft:acacia_boat":1,"minecraft:dirt":30,"minecraft:bone":7,"minecraft:wheat_seeds":35,"minecraft:raw_gold":7,"minecraft:iron_ingot":13,"minecraft:smooth_basalt":11,"minecraft:dandelion":6,"minecraft:white_bed":4,"minecraft:spider_eye":1,"minecraft:granite":1,"minecraft:bone_meal":1,"minecraft:oak_sapling":3,"minecraft:coal":450},"minecraft:killed_by":{"minecraft:zombie":1},"minecraft:crafted":{"minecraft:oak_planks":80,"minecraft:cooked_chicken":17,"minecraft:furnace":10,"minecraft:cooked_mutton":26,"minecraft:iron_boots":1,"minecraft:stone_pickaxe":2,"minecraft:cooked_beef":14,"minecraft:cooked_cod":2,"minecraft:cooked_porkchop":31,"minecraft:crafting_table":3,"minecraft:wooden_pickaxe":2,"minecraft:iron_helmet":1,"minecraft:cooked_salmon":3,"minecraft:birch_planks":40,"minecraft:stone_axe":2,"minecraft:acacia_boat":1,"minecraft:air":0,"minecraft:jungle_planks":36,"minecraft:iron_chestplate":1,"minecraft:shield":1,"minecraft:stick":80,"minecraft:iron_ingot":100,"minecraft:iron_pickaxe":2,"minecraft:wooden_axe":1,"minecraft:stone_sword":2,"minecraft:iron_leggings":1,"minecraft:acacia_planks":12,"minecraft:torch":120},"minecraft:used":{"minecraft:stone_sword":70,"minecraft:shield":28,"minecraft:iron_sword":105,"minecraft:cooked_chicken":2,"minecraft:rotten_flesh":2,"minecraft:torch":94,"minecraft:dirt":29,"minecraft:granite":1,"minecraft:wooden_axe":1,"minecraft:iron_axe":56,"minecraft:furnace":17,"minecraft:egg":4,"minecraft:cooked_beef":24,"minecraft:calcite":23,"minecraft:cooked_mutton":10,"minecraft:acacia_boat":1,"minecraft:water_bucket":7,"minecraft:diorite":4,"minecraft:birch_planks":8,"minecraft:stone_pickaxe":75,"minecraft:wooden_pickaxe":56,"minecraft:crafting_table":5,"minecraft:white_bed":4,"minecraft:oak_log":1,"minecraft:chicken":1,"minecraft:iron_pickaxe":534,"minecraft:stone_axe":87,"minecraft:cobblestone":80,"minecraft:cooked_porkchop":1,"minecraft:bucket":8},"minecraft:dropped":{"minecraft:iron_ingot":63,"minecraft:wheat_seeds":29,"minecraft:cobblestone":6,"minecraft:feather":17,"minecraft:amethyst_block":7,"minecraft:leather":2,"minecraft:tropical_fish":2,"minecraft:oxeye_daisy":2,"minecraft:diorite":1,"minecraft:bone_meal":1,"minecraft:string":4,"minecraft:dandelion":6,"minecraft:bone":1,"minecraft:stone_sword":1,"minecraft:rotten_flesh":21,"minecraft:light_gray_wool":1,"minecraft:azure_bluet":3,"minecraft:poppy":1,"minecraft:potato":1,"minecraft:gunpowder":9,"minecraft:andesite":1,"minecraft:oak_sapling":2,"minecraft:spider_eye":1,"minecraft:arrow":3,"minecraft:egg":2},"minecraft:broken":{"minecraft:iron_pickaxe":2},"minecraft:mined":{"minecraft:white_bed":4,"minecraft:jungle_leaves":2,"minecraft:granite":1,"minecraft:budding_amethyst":1,"minecraft:acacia_log":5,"minecraft:grass_block":16,"minecraft:jungle_log":14,"minecraft:oxeye_daisy":2,"minecraft:furnace":11,"minecraft:iron_ore":117,"minecraft:fire":14,"minecraft:azure_bluet":3,"minecraft:vine":2,"minecraft:stone":202,"minecraft:dandelion":8,"minecraft:crafting_table":4,"minecraft:cornflower":1,"minecraft:torch":1,"minecraft:short_grass":289,"minecraft:calcite":30,"minecraft:poppy":1,"minecraft:tall_grass":36,"minecraft:cobblestone":6,"minecraft:diorite":5,"minecraft:amethyst_block":8,"minecraft:birch_planks":7,"minecraft:birch_log":10,"minecraft:coal_ore":266,"minecraft:oak_log":54,"minecraft:dirt":15,"minecraft:cobweb":1,"minecraft:smooth_basalt":10,"minecraft:gold_ore":7,"minecraft:oak_leaves":22,"minecraft:fern":9},"minecraft:custom":{"minecraft:mob_kills":130,"minecraft:animals_bred":1,"minecraft:interact_with_crafting_table":25,"minecraft:leave_game":1,"minecraft:time_since_death":102025,"minecraft:climb_one_cm":1280,"minecraft:sprint_one_cm":467747,"minecraft:walk_one_cm":128239,"minecraft:damage_blocked_by_shield":539,"minecraft:drop":46,"minecraft:play_time":117102,"minecraft:deaths":2,"minecraft:sneak_time":4970,"minecraft:walk_under_water_one_cm":10859,"minecraft:boat_one_cm":17258,"minecraft:jump":2652,"minecraft:walk_on_water_one_cm":6149,"minecraft:total_world_time":117102,"minecraft:interact_with_furnace":164,"minecraft:sleep_in_bed":5,"minecraft:time_since_rest":26619,"minecraft:damage_taken":2552,"minecraft:damage_dealt":15797,"minecraft:swim_one_cm":19753,"minecraft:fly_one_cm":596504,"minecraft:open_chest":22,"minecraft:crouch_one_cm":13484,"minecraft:fall_one_cm":76961,"minecraft:horse_one_cm":655}},"DataVersion":3700}