{"stats":{"minecraft:killed":{"minecraft:spider":3,"minecraft:skeleton":14,"minecraft:chicken":2,"minecraft:drowned":1,"minecraft:pig":16,"minecraft:salmon":21,"minecraft:sheep":11,"minecraft:zombie":22,"minecraft:cow":4},"minecraft:mined":{"minecraft:tuff":76,"minecraft:white_bed":3,"minecraft:mossy_cobblestone":9,"minecraft:deepslate_diamond_ore":142,"minecraft:oak_door":2,"minecraft:cobblestone_stairs":1,"minecraft:granite":9,"minecraft:grass_block":1065,"minecraft:kelp":4,"minecraft:sandstone":289,"minecraft:oxeye_daisy":1,"minecraft:hay_block":16,"minecraft:magma_block":10,"minecraft:redstone_ore":1,"minecraft:oak_trapdoor":4,"minecraft:furnace":8,"minecraft:iron_ore":97,"minecraft:andesite":58,"minecraft:fletching_table":2,"minecraft:dirt_path":26,"minecraft:water_cauldron":3,"minecraft:deepslate_iron_ore":43,"minecraft:oak_stairs":94,"minecraft:stripped_oak_log":16,"minecraft:stone":531,"minecraft:deepslate_redstone_ore":7,"minecraft:glass_pane":4,"minecraft:kelp_plant":5,"minecraft:dandelion":7,"minecraft:oak_fence":19,"minecraft:cornflower":3,"minecraft:crafting_table":11,"minecraft:torch":5,"minecraft:short_grass":484,"minecraft:poppy":2,"minecraft:chest":3,"minecraft:tall_grass":72,"minecraft:cobblestone":58,"minecraft:deepslate_gold_ore":1,"minecraft:lapis_ore":4,"minecraft:oak_planks":147,"minecraft:diorite":3,"minecraft:wall_torch":3,"minecraft:wheat":1,"minecraft:white_carpet":3,"minecraft:stripped_oak_wood":2,"minecraft:yellow_bed":4,"minecraft:oak_log":177,"minecraft:coal_ore":151,"minecraft:gravel":158,"minecraft:sand":969,"minecraft:dirt":1213,"minecraft:netherrack":24,"minecraft:oak_leaves":57,"minecraft:deepslate":691},"minecraft:picked_up":{"minecraft:iron_chestplate":1,"minecraft:crafting_table":13,"minecraft:chicken":4,"minecraft:oak_stairs":92,"minecraft:cornflower":3,"minecraft:string":2,"minecraft:oak_trapdoor":3,"minecraft:iron_leggings":1,"minecraft:white_carpet":3,"minecraft:cobbled_deepslate":514,"minecraft:beef":7,"minecraft:oak_boat":1,"minecraft:poppy":4,"minecraft:chest":4,"minecraft:furnace":9,"minecraft:iron_boots":1,"minecraft:egg":1,"minecraft:stick":2172,"minecraft:raw_iron":147,"minecraft:sandstone":235,"minecraft:oak_door":2,"minecraft:oak_fence":20,"minecraft:torch":20,"minecraft:porkchop":33,"minecraft:diorite":3,"minecraft:carrot":1,"minecraft:redstone":35,"minecraft:cauldron":3,"minecraft:stone_sword":1,"minecraft:arrow":22,"minecraft:rotten_flesh":18,"minecraft:hay_block":16,"minecraft:mutton":13,"minecraft:white_wool":14,"minecraft:cobblestone":716,"minecraft:oxeye_daisy":1,"minecraft:stripped_oak_log":16,"minecraft:magma_block":11,"minecraft:feather":2,"minecraft:cooked_beef":1,"minecraft:andesite":28,"minecraft:salmon":21,"minecraft:leather":6,"minecraft:flint":17,"minecraft:tuff":44,"minecraft:oak_log":174,"minecraft:yellow_bed":4,"minecraft:cobblestone_stairs":1,"minecraft:lapis_lazuli":23,"minecraft:dirt":2012,"minecraft:cooked_mutton":6,"minecraft:bone":14,"minecraft:bow":3,"minecraft:kelp":13,"minecraft:stonecutter":1,"minecraft:wheat_seeds":59,"minecraft:iron_ingot":1,"minecraft:cooked_chicken":1,"minecraft:stripped_oak_wood":2,"minecraft:fletching_table":2,"minecraft:oak_planks":199,"minecraft:cooked_porkchop":4,"minecraft:dandelion":7,"minecraft:gravel":149,"minecraft:sand":884,"minecraft:grass_block":192,"minecraft:white_bed":3,"minecraft:spider_eye":1,"minecraft:mossy_cobblestone":9,"minecraft:diamond":141,"minecraft:stone_axe":1,"minecraft:iron_helmet":1,"minecraft:granite":10,"minecraft:bone_meal":2,"minecraft:netherrack":47,"minecraft:oak_sapling":18,"minecraft:black_wool":2,"minecraft:coal":312},"minecraft:used":{"minecraft:oak_fence":51,"minecraft:stone_sword":1,"minecraft:iron_shovel":1541,"minecraft:ladder":6,"minecraft:chest":20,"minecraft:shield":35,"minecraft:iron_sword":95,"minecraft:cooked_salmon":21,"minecraft:cooked_chicken":3,"minecraft:rotten_flesh":1,"minecraft:torch":33,"minecraft:dirt":810,"minecraft:anvil":1,"minecraft:white_carpet":9,"minecraft:iron_axe":474,"minecraft:bow":1,"minecraft:furnace":12,"minecraft:egg":1,"minecraft:cooked_beef":1,"minecraft:cobbled_deepslate":25,"minecraft:cooked_mutton":6,"minecraft:stone_pickaxe":106,"minecraft:wooden_pickaxe":59,"minecraft:diamond_axe":48,"minecraft:fletching_table":10,"minecraft:sand":5,"minecraft:crafting_table":15,"minecraft:white_bed":5,"minecraft:diamond_pickaxe":1563,"minecraft:apple":1,"minecraft:diamond_shovel":1896,"minecraft:bread":47,"minecraft:iron_pickaxe":501,"minecraft:gravel":126,"minecraft:stone_axe":42,"minecraft:cobblestone":110,"minecraft:cooked_porkchop":8,"minecraft:andesite":5,"minecraft:yellow_bed":4,"minecraft:oak_boat":1},"minecraft:dropped":{"minecraft:wheat_seeds":56,"minecraft:mossy_cobblestone":9,"minecraft:feather":2,"minecraft:oak_fence":2,"minecraft:iron_helmet":2,"minecraft:cobblestone":29,"minecraft:leather":5,"minecraft:granite":1,"minecraft:flint":1,"minecraft:cobblestone_stairs":1,"minecraft:oxeye_daisy":1,"minecraft:diorite":3,"minecraft:cornflower":3,"minecraft:iron_leggings":2,"minecraft:bone_meal":2,"minecraft:stonecutter":1,"minecraft:string":2,"minecraft:dandelion":7,"minecraft:cauldron":3,"minecraft:bone":14,"minecraft:oak_door":2,"minecraft:gravel":7,"minecraft:stone_axe":1,"minecraft:kelp":13,"minecraft:oak_trapdoor":3,"minecraft:stone_sword":2,"minecraft:cobbled_deepslate":5,"minecraft:tuff":44,"minecraft:chicken":1,"minecraft:rotten_flesh":17,"minecraft:iron_boots":2,"minecraft:carrot":1,"minecraft:poppy":4,"minecraft:iron_chestplate":2,"minecraft:andesite":23,"minecraft:oak_sapling":4,"minecraft:spider_eye":1,"minecraft:bow":3,"minecraft:arrow":22,"minecraft:stone_pickaxe":1,"minecraft:magma_block":1,"minecraft:netherrack":47,"minecraft:black_wool":1},"minecraft:custom":{"minecraft:interact_with_anvil":1,"minecraft:mob_kills":96,"minecraft:interact_with_crafting_table":71,"minecraft:leave_game":11,"minecraft:time_since_death":251812,"minecraft:climb_one_cm":9263,"minecraft:sprint_one_cm":951840,"minecraft:walk_one_cm":373729,"minecraft:damage_blocked_by_shield":1514,"minecraft:drop":136,"minecraft:talked_to_villager":11,"minecraft:play_time":268585,"minecraft:sneak_time":13057,"minecraft:deaths":1,"minecraft:walk_under_water_one_cm":33064,"minecraft:boat_one_cm":2379,"minecraft:jump":3989,"minecraft:walk_on_water_one_cm":16114,"minecraft:enchant_item":2,"minecraft:total_world_time":268585,"minecraft:interact_with_furnace":86,"minecraft:sleep_in_bed":12,"minecraft:time_since_rest":15058,"minecraft:damage_taken":3681,"minecraft:damage_dealt":11441,"minecraft:swim_one_cm":46443,"minecraft:fly_one_cm":793208,"minecraft:open_chest":100,"minecraft:crouch_one_cm":43781,"minecraft:fall_one_cm":124625},"minecraft:broken":{"minecraft:iron_shovel":6,"minecraft:wooden_pickaxe":1,"minecraft:diamond_pickaxe":1,"minecraft:iron_axe":2,"minecraft:iron_pickaxe":2},"minecraft:crafted":{"minecraft:oak_planks":744,"minecraft:cooked_chicken":2,"minecraft:furnace":7,"minecraft:diamond_shovel":3,"minecraft:white_carpet":6,"minecraft:cooked_mutton":13,"minecraft:diamond_helmet":1,"minecraft:diamond_leggings":1,"minecraft:iron_boots":1,"minecraft:iron_axe":3,"minecraft:ladder":6,"minecraft:stone_pickaxe":2,"minecraft:chest":16,"minecraft:diamond_boots":1,"minecraft:oak_fence":33,"minecraft:wheat":144,"minecraft:cooked_beef":7,"minecraft:diamond_sword":1,"minecraft:cooked_porkchop":32,"minecraft:diamond_axe":1,"minecraft:crafting_table":5,"minecraft:wooden_pickaxe":1,"minecraft:iron_helmet":1,"minecraft:iron_sword":1,"minecraft:cooked_salmon":17,"minecraft:fletching_table":8,"minecraft:stone_axe":1,"minecraft:bread":48,"minecraft:air":0,"minecraft:oak_boat":1,"minecraft:iron_chestplate":1,"minecraft:diamond_pickaxe":2,"minecraft:shield":1,"minecraft:stick":1024,"minecraft:iron_ingot":112,"minecraft:iron_pickaxe":2,"minecraft:iron_block":3,"minecraft:stone_sword":2,"minecraft:iron_shovel":6,"minecraft:iron_leggings":1,"minecraft:anvil":1,"minecraft:white_bed":2,"minecraft:torch":20,"minecraft:diamond_chestplate":1}},"DataVersion":3700}