{"stats":{"minecraft:picked_up":{"minecraft:cocoa_beans":1,"minecraft:crafting_table":3,"minecraft:chicken":8,"minecraft:gold_block":2,"minecraft:stone_brick_stairs":1,"minecraft:string":22,"minecraft:iron_leggings":2,"minecraft:iron_shovel":1,"minecraft:gold_nugget":106,"minecraft:cobbled_deepslate":47,"minecraft:beef":6,"minecraft:jungle_sapling":1,"minecraft:iron_pickaxe":1,"minecraft:light_gray_wool":1,"minecraft:furnace":3,"minecraft:egg":12,"minecraft:stick":3,"minecraft:raw_iron":226,"minecraft:porkchop":30,"minecraft:diorite":1,"minecraft:carrot":1,"minecraft:redstone":148,"minecraft:arrow":55,"minecraft:rotten_flesh":81,"minecraft:glow_berries":22,"minecraft:mutton":28,"minecraft:obsidian":26,"minecraft:white_wool":14,"minecraft:cobblestone":58,"minecraft:magma_block":3,"minecraft:feather":12,"minecraft:andesite":13,"minecraft:jungle_log":9,"minecraft:leather":1,"minecraft:potato":1,"minecraft:flint":1,"minecraft:tuff":3,"minecraft:oak_log":50,"minecraft:ancient_debris":2,"minecraft:golden_boots":2,"minecraft:gunpowder":7,"minecraft:lapis_lazuli":67,"minecraft:dirt":83,"minecraft:bone":39,"minecraft:bow":4,"minecraft:wheat_seeds":10,"minecraft:raw_gold":5,"minecraft:iron_ingot":1,"minecraft:cooked_chicken":1,"minecraft:moss_block":3,"minecraft:pumpkin":6,"minecraft:axolotl_bucket":1,"minecraft:quartz":104,"minecraft:dandelion":1,"minecraft:gravel":8,"minecraft:jungle_planks":14,"minecraft:spider_eye":10,"minecraft:crying_obsidian":1,"minecraft:mossy_stone_brick_slab":1,"minecraft:clay":1,"minecraft:diamond":3,"minecraft:granite":2,"minecraft:gray_wool":2,"minecraft:oak_sapling":5,"minecraft:netherrack":683,"minecraft:coal":102,"minecraft:diamond_pickaxe":1},"minecraft:used":{"minecraft:moss_block":3,"minecraft:iron_shovel":4,"minecraft:shield":54,"minecraft:iron_sword":659,"minecraft:mossy_stone_brick_slab":1,"minecraft:cooked_chicken":1,"minecraft:netherrack":57,"minecraft:torch":1,"minecraft:dirt":65,"minecraft:jungle_planks":14,"minecraft:carrot":1,"minecraft:granite":2,"minecraft:obsidian":18,"minecraft:lava_bucket":1,"minecraft:iron_axe":166,"minecraft:stone_brick_stairs":1,"minecraft:bamboo":6,"minecraft:light_gray_wool":1,"minecraft:golden_sword":33,"minecraft:magma_block":3,"minecraft:bow":35,"minecraft:furnace":4,"minecraft:oak_sapling":5,"minecraft:egg":11,"minecraft:cooked_beef":10,"minecraft:cobbled_deepslate":26,"minecraft:golden_boots":1,"minecraft:cooked_mutton":33,"minecraft:water_bucket":16,"minecraft:diorite":1,"minecraft:clay":1,"minecraft:glow_berries":6,"minecraft:crafting_table":1,"minecraft:diamond_pickaxe":320,"minecraft:apple":1,"minecraft:iron_pickaxe":1064,"minecraft:gravel":8,"minecraft:cobblestone":24,"minecraft:cooked_porkchop":57,"minecraft:andesite":3,"minecraft:bucket":19,"minecraft:bone_meal":9,"minecraft:dandelion":1},"minecraft:crafted":{"minecraft:oak_planks":12,"minecraft:golden_chestplate":1,"minecraft:cooked_chicken":9,"minecraft:bone_meal":9,"minecraft:cooked_mutton":37,"minecraft:iron_boots":4,"minecraft:bow":3,"minecraft:iron_axe":4,"minecraft:golden_helmet":1,"minecraft:golden_sword":1,"minecraft:golden_boots":4,"minecraft:cooked_beef":9,"minecraft:arrow":12,"minecraft:cooked_porkchop":48,"minecraft:crafting_table":1,"minecraft:iron_helmet":4,"minecraft:iron_sword":5,"minecraft:bucket":2,"minecraft:birch_planks":12,"minecraft:air":0,"minecraft:jungle_planks":36,"minecraft:iron_chestplate":4,"minecraft:golden_leggings":1,"minecraft:shield":2,"minecraft:stick":92,"minecraft:iron_ingot":81,"minecraft:iron_pickaxe":6,"minecraft:iron_leggings":10,"minecraft:iron_shovel":3,"minecraft:gold_ingot":28,"minecraft:torch":72},"minecraft:killed":{"minecraft:spider":24,"minecraft:skeleton":36,"minecraft:chicken":9,"minecraft:pig":13,"minecraft:zombie_villager":2,"minecraft:hoglin":2,"minecraft:creeper":8,"minecraft:sheep":19,"minecraft:zombie":83,"minecraft:cow":2},"minecraft:custom":{"minecraft:mob_kills":205,"minecraft:interact_with_crafting_table":41,"minecraft:leave_game":4,"minecraft:time_since_death":80234,"minecraft:climb_one_cm":7100,"minecraft:sprint_one_cm":702580,"minecraft:walk_one_cm":528774,"minecraft:damage_blocked_by_shield":2051,"minecraft:drop":49,"minecraft:play_time":241758,"minecraft:deaths":2,"minecraft:sneak_time":1693,"minecraft:walk_under_water_one_cm":20050,"minecraft:jump":6066,"minecraft:interact_with_blast_furnace":6,"minecraft:walk_on_water_one_cm":30470,"minecraft:total_world_time":241758,"minecraft:interact_with_furnace":95,"minecraft:sleep_in_bed":2,"minecraft:time_since_rest":80441,"minecraft:damage_taken":7925,"minecraft:damage_dealt":34416,"minecraft:fly_one_cm":1216688,"minecraft:swim_one_cm":65244,"minecraft:open_chest":145,"minecraft:crouch_one_cm":3798,"minecraft:fall_one_cm":189603,"minecraft:horse_one_cm":27882},"minecraft:mined":{"minecraft:nether_gold_ore":28,"minecraft:crying_obsidian":1,"minecraft:tuff":4,"minecraft:deepslate_diamond_ore":3,"minecraft:mossy_stone_brick_slab":1,"minecraft:obsidian":27,"minecraft:cave_vines_plant":6,"minecraft:granite":2,"minecraft:grass_block":13,"minecraft:jungle_planks":14,"minecraft:jungle_log":9,"minecraft:crimson_roots":1,"minecraft:weeping_vines":2,"minecraft:moss_block":5,"minecraft:gilded_blackstone":2,"minecraft:large_fern":1,"minecraft:redstone_ore":5,"minecraft:magma_block":3,"minecraft:furnace":3,"minecraft:cobbled_deepslate":1,"minecraft:iron_ore":102,"minecraft:fire":15,"minecraft:andesite":34,"minecraft:pumpkin":6,"minecraft:deepslate_lapis_ore":3,"minecraft:gold_block":2,"minecraft:cave_vines":18,"minecraft:deepslate_iron_ore":81,"minecraft:vine":2,"minecraft:stone":52,"minecraft:deepslate_redstone_ore":51,"minecraft:crimson_nylium":5,"minecraft:dandelion":1,"minecraft:clay":4,"minecraft:crafting_table":3,"minecraft:short_grass":60,"minecraft:copper_ore":1,"minecraft:nether_quartz_ore":106,"minecraft:tall_grass":2,"minecraft:lapis_ore":6,"minecraft:deepslate_gold_ore":5,"minecraft:diorite":1,"minecraft:lilac":1,"minecraft:birch_leaves":2,"minecraft:stone_brick_stairs":1,"minecraft:coal_ore":67,"minecraft:oak_log":53,"minecraft:cocoa":1,"minecraft:gravel":4,"minecraft:dirt":15,"minecraft:netherrack":722,"minecraft:ancient_debris":2,"minecraft:oak_leaves":31,"minecraft:deepslate":50,"minecraft:fern":16},"minecraft:broken":{"minecraft:golden_helmet":1,"minecraft:golden_boots":1,"minecraft:iron_boots":1,"minecraft:iron_leggings":1,"minecraft:golden_leggings":1,"minecraft:golden_sword":1,"minecraft:iron_axe":1,"minecraft:iron_sword":1,"minecraft:iron_pickaxe":4,"minecraft:iron_helmet":1,"minecraft:golden_chestplate":1},"minecraft:dropped":{"minecraft:golden_boots":3,"minecraft:wheat_seeds":3,"minecraft:oak_log":3,"minecraft:glow_berries":1,"minecraft:stick":1,"minecraft:dirt":2,"minecraft:torch":8,"minecraft:iron_leggings":5,"minecraft:iron_shovel":1,"minecraft:string":9,"minecraft:birch_log":2,"minecraft:redstone":25,"minecraft:cooked_chicken":1,"minecraft:tuff":3,"minecraft:rotten_flesh":25,"minecraft:cooked_mutton":5,"minecraft:diamond_pickaxe":1,"minecraft:andesite":10,"minecraft:spider_eye":2,"minecraft:egg":1}},"DataVersion":3700}