{"stats":{"minecraft:used":{"minecraft:water_bucket":7,"minecraft:apple":1,"minecraft:iron_shovel":4,"minecraft:iron_axe":2,"minecraft:iron_pickaxe":76,"minecraft:iron_sword":100,"minecraft:dirt":34,"minecraft:bow":3,"minecraft:cooked_porkchop":13,"minecraft:bucket":8},"minecraft:picked_up":{"minecraft:raw_iron":3,"minecraft:jungle_log":2,"minecraft:oak_log":3,"minecraft:gunpowder":4,"minecraft:dirt":50,"minecraft:spider_eye":1,"minecraft:string":3,"minecraft:bone":9,"minecraft:arrow":12,"minecraft:rotten_flesh":9,"minecraft:bow":2,"minecraft:wheat_seeds":5,"minecraft:coal":67,"minecraft:cobblestone":6},"minecraft:crafted":{"minecraft:cooked_beef":9,"minecraft:oak_planks":12,"minecraft:iron_chestplate":1,"minecraft:bow":2,"minecraft:iron_boots":1,"minecraft:cooked_porkchop":20,"minecraft:iron_axe":1,"minecraft:crafting_table":1,"minecraft:stick":8,"minecraft:iron_helmet":1,"minecraft:iron_pickaxe":1,"minecraft:iron_sword":1,"minecraft:iron_shovel":1,"minecraft:iron_leggings":1,"minecraft:bucket":1,"minecraft:jungle_planks":8},"minecraft:killed":{"minecraft:skeleton":6,"minecraft:zombie":12,"minecraft:spider":3,"minecraft:creeper":3},"minecraft:custom":{"minecraft:time_since_rest":39962,"minecraft:interact_with_furnace":12,"minecraft:sprint_one_cm":96267,"minecraft:damage_taken":992,"minecraft:walk_one_cm":76249,"minecraft:mob_kills":25,"minecraft:drop":1,"minecraft:damage_dealt":5015,"minecraft:interact_with_crafting_table":4,"minecraft:swim_one_cm":2440,"minecraft:fly_one_cm":193782,"minecraft:play_time":43744,"minecraft:open_chest":30,"minecraft:crouch_one_cm":265,"minecraft:sneak_time":314,"minecraft:walk_under_water_one_cm":5880,"minecraft:jump":763,"minecraft:leave_game":3,"minecraft:time_since_death":43744,"minecraft:walk_on_water_one_cm":4610,"minecraft:sleep_in_bed":1,"minecraft:total_world_time":43744,"minecraft:climb_one_cm":148,"minecraft:fall_one_cm":21309,"minecraft:horse_one_cm":23702},"minecraft:mined":{"minecraft:iron_ore":3,"minecraft:short_grass":7,"minecraft:oak_log":3,"minecraft:grass_block":6,"minecraft:coal_ore":67,"minecraft:jungle_log":2,"minecraft:dirt":1,"minecraft:tall_grass":1,"minecraft:stone":6,"minecraft:oak_leaves":6},"minecraft:dropped":{"minecraft:stick":1}},"DataVersion":3700}