{"stats":{"minecraft:killed":{"minecraft:skeleton":6,"minecraft:zombie":12,"minecraft:spider":3,"minecraft:creeper":3},"minecraft:picked_up":{"minecraft:raw_iron":3,"minecraft:jungle_log":2,"minecraft:oak_log":3,"minecraft:gunpowder":4,"minecraft:spider_eye":1,"minecraft:string":3,"minecraft:dirt":50,"minecraft:bone":9,"minecraft:arrow":12,"minecraft:rotten_flesh":9,"minecraft:bow":2,"minecraft:wheat_seeds":5,"minecraft:coal":67,"minecraft:cobblestone":6},"minecraft:crafted":{"minecraft:oak_planks":12,"minecraft:bow":1,"minecraft:iron_boots":1,"minecraft:iron_chestplate":1,"minecraft:iron_axe":1,"minecraft:crafting_table":1,"minecraft:stick":8,"minecraft:iron_helmet":1,"minecraft:iron_pickaxe":1,"minecraft:iron_sword":1,"minecraft:iron_shovel":1,"minecraft:iron_leggings":1,"minecraft:bucket":1,"minecraft:jungle_planks":8},"minecraft:dropped":{"minecraft:stick":1},"minecraft:used":{"minecraft:water_bucket":7,"minecraft:iron_shovel":4,"minecraft:iron_axe":2,"minecraft:iron_pickaxe":76,"minecraft:iron_sword":100,"minecraft:dirt":34,"minecraft:bow":3,"minecraft:cooked_porkchop":12,"minecraft:bucket":8},"minecraft:mined":{"minecraft:iron_ore":3,"minecraft:coal_ore":67,"minecraft:short_grass":7,"minecraft:grass_block":6,"minecraft:oak_log":3,"minecraft:jungle_log":2,"minecraft:dirt":1,"minecraft:tall_grass":1,"minecraft:stone":6,"minecraft:oak_leaves":6},"minecraft:custom":{"minecraft:time_since_rest":34306,"minecraft:interact_with_furnace":1,"minecraft:sprint_one_cm":74570,"minecraft:damage_taken":992,"minecraft:walk_one_cm":66169,"minecraft:mob_kills":25,"minecraft:drop":1,"minecraft:damage_dealt":5015,"minecraft:swim_one_cm":2440,"minecraft:interact_with_crafting_table":4,"minecraft:fly_one_cm":141978,"minecraft:open_chest":11,"minecraft:crouch_one_cm":265,"minecraft:play_time":38088,"minecraft:sneak_time":314,"minecraft:walk_under_water_one_cm":5880,"minecraft:jump":596,"minecraft:leave_game":3,"minecraft:time_since_death":38088,"minecraft:walk_on_water_one_cm":4610,"minecraft:sleep_in_bed":1,"minecraft:climb_one_cm":148,"minecraft:total_world_time":38088,"minecraft:fall_one_cm":15490,"minecraft:horse_one_cm":23702}},"DataVersion":3700}