{"stats":{"minecraft:used":{"minecraft:water_bucket":13,"minecraft:iron_shovel":4,"minecraft:shield":36,"minecraft:iron_sword":366,"minecraft:dirt":46,"minecraft:jungle_planks":14,"minecraft:carrot":1,"minecraft:lava_bucket":1,"minecraft:apple":1,"minecraft:iron_axe":165,"minecraft:iron_pickaxe":91,"minecraft:gravel":3,"minecraft:light_gray_wool":1,"minecraft:cobblestone":3,"minecraft:bow":31,"minecraft:oak_sapling":4,"minecraft:cooked_porkchop":35,"minecraft:bucket":15,"minecraft:egg":8,"minecraft:cooked_beef":9,"minecraft:dandelion":1},"minecraft:picked_up":{"minecraft:cocoa_beans":1,"minecraft:feather":12,"minecraft:chicken":8,"minecraft:jungle_log":7,"minecraft:flint":1,"minecraft:oak_log":40,"minecraft:gunpowder":6,"minecraft:dirt":64,"minecraft:string":12,"minecraft:bone":15,"minecraft:bow":4,"minecraft:wheat_seeds":8,"minecraft:beef":3,"minecraft:jungle_sapling":1,"minecraft:light_gray_wool":1,"minecraft:egg":8,"minecraft:raw_iron":15,"minecraft:stick":2,"minecraft:pumpkin":6,"minecraft:gravel":2,"minecraft:dandelion":1,"minecraft:porkchop":26,"minecraft:jungle_planks":14,"minecraft:carrot":1,"minecraft:spider_eye":5,"minecraft:rotten_flesh":43,"minecraft:arrow":28,"minecraft:gray_wool":2,"minecraft:oak_sapling":4,"minecraft:mutton":28,"minecraft:coal":67,"minecraft:white_wool":14,"minecraft:cobblestone":9},"minecraft:crafted":{"minecraft:cooked_beef":9,"minecraft:oak_planks":12,"minecraft:arrow":12,"minecraft:cooked_porkchop":48,"minecraft:crafting_table":1,"minecraft:iron_helmet":2,"minecraft:iron_sword":2,"minecraft:bucket":1,"minecraft:air":0,"minecraft:jungle_planks":12,"minecraft:bow":3,"minecraft:iron_boots":2,"minecraft:iron_chestplate":1,"minecraft:shield":1,"minecraft:iron_axe":2,"minecraft:stick":28,"minecraft:iron_pickaxe":1,"minecraft:iron_shovel":1,"minecraft:iron_leggings":1},"minecraft:killed":{"minecraft:pig":13,"minecraft:zombie_villager":1,"minecraft:spider":14,"minecraft:creeper":6,"minecraft:sheep":19,"minecraft:skeleton":19,"minecraft:zombie":46,"minecraft:chicken":8,"minecraft:cow":1},"minecraft:custom":{"minecraft:interact_with_furnace":20,"minecraft:mob_kills":129,"minecraft:interact_with_crafting_table":13,"minecraft:leave_game":4,"minecraft:time_since_death":109758,"minecraft:sleep_in_bed":2,"minecraft:climb_one_cm":4503,"minecraft:time_since_rest":64206,"minecraft:sprint_one_cm":384207,"minecraft:damage_taken":3131,"minecraft:walk_one_cm":224530,"minecraft:damage_blocked_by_shield":1190,"minecraft:drop":8,"minecraft:damage_dealt":19353,"minecraft:swim_one_cm":35819,"minecraft:fly_one_cm":655464,"minecraft:open_chest":60,"minecraft:crouch_one_cm":917,"minecraft:play_time":109758,"minecraft:sneak_time":499,"minecraft:walk_under_water_one_cm":9045,"minecraft:jump":2868,"minecraft:walk_on_water_one_cm":13859,"minecraft:total_world_time":109758,"minecraft:fall_one_cm":87389,"minecraft:horse_one_cm":27882},"minecraft:mined":{"minecraft:dandelion":1,"minecraft:short_grass":53,"minecraft:grass_block":8,"minecraft:jungle_planks":14,"minecraft:jungle_log":7,"minecraft:tall_grass":1,"minecraft:iron_ore":15,"minecraft:fire":13,"minecraft:lilac":1,"minecraft:birch_leaves":2,"minecraft:pumpkin":6,"minecraft:oak_log":43,"minecraft:coal_ore":67,"minecraft:cocoa":1,"minecraft:vine":2,"minecraft:gravel":3,"minecraft:dirt":2,"minecraft:stone":9,"minecraft:oak_leaves":19,"minecraft:fern":15},"minecraft:broken":{"minecraft:iron_sword":1,"minecraft:iron_helmet":1},"minecraft:dropped":{"minecraft:wheat_seeds":1,"minecraft:rotten_flesh":6,"minecraft:stick":1,"minecraft:dirt":2,"minecraft:spider_eye":2}},"DataVersion":3700}