{"stats":{"minecraft:picked_up":{"minecraft:jungle_log":2,"minecraft:oak_log":3,"minecraft:gunpowder":4,"minecraft:dirt":23,"minecraft:arrow":2,"minecraft:rotten_flesh":5,"minecraft:wheat_seeds":2},"minecraft:killed":{"minecraft:skeleton":1,"minecraft:zombie":7,"minecraft:creeper":3},"minecraft:crafted":{"minecraft:oak_planks":12,"minecraft:iron_boots":1,"minecraft:iron_chestplate":1,"minecraft:iron_axe":1,"minecraft:crafting_table":1,"minecraft:stick":8,"minecraft:iron_helmet":1,"minecraft:iron_pickaxe":1,"minecraft:iron_sword":1,"minecraft:iron_shovel":1,"minecraft:iron_leggings":1,"minecraft:bucket":1,"minecraft:jungle_planks":8},"minecraft:dropped":{"minecraft:stick":1},"minecraft:used":{"minecraft:water_bucket":3,"minecraft:iron_axe":2,"minecraft:iron_sword":42,"minecraft:dirt":23,"minecraft:cooked_porkchop":6,"minecraft:bucket":4},"minecraft:mined":{"minecraft:short_grass":3,"minecraft:grass_block":3,"minecraft:oak_log":3,"minecraft:jungle_log":2,"minecraft:oak_leaves":5},"minecraft:custom":{"minecraft:time_since_rest":23495,"minecraft:interact_with_furnace":1,"minecraft:sprint_one_cm":43117,"minecraft:damage_taken":528,"minecraft:walk_one_cm":39367,"minecraft:mob_kills":11,"minecraft:drop":1,"minecraft:damage_dealt":2486,"minecraft:interact_with_crafting_table":4,"minecraft:fly_one_cm":76302,"minecraft:open_chest":11,"minecraft:crouch_one_cm":81,"minecraft:play_time":27277,"minecraft:sneak_time":69,"minecraft:walk_under_water_one_cm":2289,"minecraft:jump":323,"minecraft:leave_game":2,"minecraft:time_since_death":27277,"minecraft:walk_on_water_one_cm":1501,"minecraft:sleep_in_bed":1,"minecraft:total_world_time":27277,"minecraft:fall_one_cm":7354,"minecraft:horse_one_cm":13765}},"DataVersion":3700}