{"stats":{"minecraft:used":{"minecraft:iron_shovel":4,"minecraft:shield":41,"minecraft:iron_sword":474,"minecraft:mossy_stone_brick_slab":1,"minecraft:netherrack":57,"minecraft:dirt":61,"minecraft:jungle_planks":14,"minecraft:carrot":1,"minecraft:granite":2,"minecraft:obsidian":18,"minecraft:lava_bucket":1,"minecraft:iron_axe":166,"minecraft:stone_brick_stairs":1,"minecraft:bamboo":6,"minecraft:light_gray_wool":1,"minecraft:golden_sword":33,"minecraft:magma_block":3,"minecraft:bow":33,"minecraft:furnace":3,"minecraft:oak_sapling":5,"minecraft:egg":11,"minecraft:cooked_beef":10,"minecraft:golden_boots":1,"minecraft:cooked_mutton":10,"minecraft:water_bucket":16,"minecraft:diorite":1,"minecraft:crafting_table":1,"minecraft:diamond_pickaxe":320,"minecraft:apple":1,"minecraft:iron_pickaxe":746,"minecraft:gravel":3,"minecraft:cobblestone":3,"minecraft:cooked_porkchop":57,"minecraft:andesite":2,"minecraft:bucket":18,"minecraft:dandelion":1},"minecraft:picked_up":{"minecraft:cocoa_beans":1,"minecraft:crafting_table":2,"minecraft:chicken":8,"minecraft:gold_block":2,"minecraft:stone_brick_stairs":1,"minecraft:string":19,"minecraft:iron_leggings":2,"minecraft:iron_shovel":1,"minecraft:gold_nugget":106,"minecraft:cobbled_deepslate":13,"minecraft:beef":6,"minecraft:jungle_sapling":1,"minecraft:iron_pickaxe":1,"minecraft:light_gray_wool":1,"minecraft:furnace":2,"minecraft:egg":12,"minecraft:stick":2,"minecraft:raw_iron":59,"minecraft:porkchop":30,"minecraft:diorite":1,"minecraft:carrot":1,"minecraft:arrow":38,"minecraft:rotten_flesh":61,"minecraft:mutton":28,"minecraft:obsidian":26,"minecraft:white_wool":14,"minecraft:cobblestone":13,"minecraft:magma_block":3,"minecraft:feather":12,"minecraft:andesite":2,"minecraft:jungle_log":9,"minecraft:leather":1,"minecraft:potato":1,"minecraft:flint":1,"minecraft:oak_log":50,"minecraft:ancient_debris":2,"minecraft:golden_boots":2,"minecraft:gunpowder":6,"minecraft:lapis_lazuli":23,"minecraft:dirt":80,"minecraft:bone":23,"minecraft:bow":4,"minecraft:wheat_seeds":10,"minecraft:raw_gold":5,"minecraft:pumpkin":6,"minecraft:quartz":104,"minecraft:dandelion":1,"minecraft:gravel":3,"minecraft:jungle_planks":14,"minecraft:spider_eye":8,"minecraft:crying_obsidian":1,"minecraft:mossy_stone_brick_slab":1,"minecraft:granite":2,"minecraft:gray_wool":2,"minecraft:oak_sapling":5,"minecraft:netherrack":683,"minecraft:coal":90,"minecraft:diamond_pickaxe":1},"minecraft:crafted":{"minecraft:oak_planks":12,"minecraft:golden_chestplate":1,"minecraft:cooked_mutton":28,"minecraft:iron_boots":4,"minecraft:bow":3,"minecraft:iron_axe":3,"minecraft:golden_helmet":1,"minecraft:golden_sword":1,"minecraft:golden_boots":4,"minecraft:cooked_beef":9,"minecraft:arrow":12,"minecraft:cooked_porkchop":48,"minecraft:crafting_table":1,"minecraft:iron_helmet":3,"minecraft:iron_sword":4,"minecraft:bucket":1,"minecraft:birch_planks":12,"minecraft:air":0,"minecraft:jungle_planks":36,"minecraft:iron_chestplate":4,"minecraft:golden_leggings":1,"minecraft:shield":2,"minecraft:stick":56,"minecraft:iron_ingot":43,"minecraft:iron_pickaxe":4,"minecraft:iron_leggings":10,"minecraft:iron_shovel":2,"minecraft:gold_ingot":28,"minecraft:torch":72},"minecraft:killed":{"minecraft:spider":21,"minecraft:skeleton":25,"minecraft:chicken":8,"minecraft:pig":13,"minecraft:zombie_villager":1,"minecraft:hoglin":2,"minecraft:creeper":6,"minecraft:sheep":19,"minecraft:zombie":59,"minecraft:cow":2},"minecraft:custom":{"minecraft:mob_kills":159,"minecraft:interact_with_crafting_table":32,"minecraft:leave_game":4,"minecraft:time_since_death":32234,"minecraft:climb_one_cm":6736,"minecraft:sprint_one_cm":579980,"minecraft:walk_one_cm":423600,"minecraft:damage_blocked_by_shield":1371,"minecraft:drop":27,"minecraft:play_time":193758,"minecraft:deaths":2,"minecraft:sneak_time":864,"minecraft:walk_under_water_one_cm":9656,"minecraft:jump":4817,"minecraft:walk_on_water_one_cm":14395,"minecraft:total_world_time":193758,"minecraft:interact_with_furnace":60,"minecraft:sleep_in_bed":2,"minecraft:time_since_rest":32441,"minecraft:damage_taken":6166,"minecraft:damage_dealt":25305,"minecraft:fly_one_cm":1023512,"minecraft:swim_one_cm":43739,"minecraft:open_chest":118,"minecraft:crouch_one_cm":1924,"minecraft:fall_one_cm":152952,"minecraft:horse_one_cm":27882},"minecraft:mined":{"minecraft:nether_gold_ore":28,"minecraft:crying_obsidian":1,"minecraft:mossy_stone_brick_slab":1,"minecraft:obsidian":27,"minecraft:granite":2,"minecraft:grass_block":11,"minecraft:jungle_planks":14,"minecraft:jungle_log":9,"minecraft:crimson_roots":1,"minecraft:weeping_vines":2,"minecraft:gilded_blackstone":2,"minecraft:magma_block":3,"minecraft:furnace":2,"minecraft:iron_ore":46,"minecraft:fire":15,"minecraft:andesite":2,"minecraft:pumpkin":6,"minecraft:deepslate_lapis_ore":3,"minecraft:gold_block":2,"minecraft:deepslate_iron_ore":13,"minecraft:vine":2,"minecraft:stone":9,"minecraft:crimson_nylium":5,"minecraft:dandelion":1,"minecraft:crafting_table":2,"minecraft:short_grass":60,"minecraft:nether_quartz_ore":106,"minecraft:tall_grass":1,"minecraft:deepslate_gold_ore":5,"minecraft:diorite":1,"minecraft:lilac":1,"minecraft:birch_leaves":2,"minecraft:stone_brick_stairs":1,"minecraft:coal_ore":67,"minecraft:oak_log":53,"minecraft:cocoa":1,"minecraft:gravel":4,"minecraft:dirt":3,"minecraft:netherrack":722,"minecraft:ancient_debris":2,"minecraft:oak_leaves":27,"minecraft:deepslate":14,"minecraft:fern":16},"minecraft:broken":{"minecraft:iron_boots":1,"minecraft:iron_leggings":1,"minecraft:golden_sword":1,"minecraft:iron_axe":1,"minecraft:iron_sword":1,"minecraft:iron_pickaxe":3,"minecraft:iron_helmet":1},"minecraft:dropped":{"minecraft:golden_boots":3,"minecraft:wheat_seeds":3,"minecraft:stick":1,"minecraft:dirt":2,"minecraft:iron_leggings":5,"minecraft:iron_shovel":1,"minecraft:rotten_flesh":17,"minecraft:diamond_pickaxe":1,"minecraft:spider_eye":2,"minecraft:egg":1}},"DataVersion":3700}