{"stats":{"minecraft:used":{"minecraft:iron_shovel":4,"minecraft:shield":41,"minecraft:iron_sword":457,"minecraft:mossy_stone_brick_slab":1,"minecraft:netherrack":57,"minecraft:dirt":57,"minecraft:jungle_planks":14,"minecraft:carrot":1,"minecraft:obsidian":18,"minecraft:lava_bucket":1,"minecraft:iron_axe":166,"minecraft:stone_brick_stairs":1,"minecraft:bamboo":6,"minecraft:light_gray_wool":1,"minecraft:magma_block":3,"minecraft:bow":31,"minecraft:oak_sapling":5,"minecraft:egg":9,"minecraft:cooked_beef":10,"minecraft:golden_boots":1,"minecraft:cooked_mutton":10,"minecraft:water_bucket":16,"minecraft:diamond_pickaxe":320,"minecraft:apple":1,"minecraft:iron_pickaxe":673,"minecraft:gravel":3,"minecraft:cobblestone":3,"minecraft:cooked_porkchop":46,"minecraft:bucket":18,"minecraft:dandelion":1},"minecraft:picked_up":{"minecraft:cocoa_beans":1,"minecraft:crafting_table":1,"minecraft:chicken":8,"minecraft:gold_block":2,"minecraft:stone_brick_stairs":1,"minecraft:string":15,"minecraft:iron_leggings":2,"minecraft:iron_shovel":1,"minecraft:gold_nugget":106,"minecraft:beef":3,"minecraft:jungle_sapling":1,"minecraft:iron_pickaxe":1,"minecraft:light_gray_wool":1,"minecraft:egg":10,"minecraft:stick":2,"minecraft:raw_iron":15,"minecraft:porkchop":30,"minecraft:carrot":1,"minecraft:arrow":36,"minecraft:rotten_flesh":54,"minecraft:mutton":28,"minecraft:obsidian":26,"minecraft:white_wool":14,"minecraft:cobblestone":9,"minecraft:magma_block":3,"minecraft:feather":12,"minecraft:jungle_log":9,"minecraft:leather":1,"minecraft:flint":1,"minecraft:oak_log":50,"minecraft:ancient_debris":2,"minecraft:golden_boots":2,"minecraft:gunpowder":6,"minecraft:dirt":75,"minecraft:bone":19,"minecraft:bow":4,"minecraft:wheat_seeds":10,"minecraft:pumpkin":6,"minecraft:quartz":104,"minecraft:dandelion":1,"minecraft:gravel":3,"minecraft:jungle_planks":14,"minecraft:spider_eye":8,"minecraft:crying_obsidian":1,"minecraft:mossy_stone_brick_slab":1,"minecraft:gray_wool":2,"minecraft:oak_sapling":5,"minecraft:netherrack":683,"minecraft:coal":67},"minecraft:crafted":{"minecraft:oak_planks":12,"minecraft:golden_chestplate":1,"minecraft:iron_boots":3,"minecraft:bow":3,"minecraft:iron_axe":3,"minecraft:golden_sword":1,"minecraft:golden_boots":4,"minecraft:cooked_beef":9,"minecraft:arrow":12,"minecraft:cooked_porkchop":48,"minecraft:crafting_table":1,"minecraft:iron_helmet":3,"minecraft:iron_sword":3,"minecraft:bucket":1,"minecraft:birch_planks":4,"minecraft:air":0,"minecraft:jungle_planks":36,"minecraft:iron_chestplate":3,"minecraft:golden_leggings":1,"minecraft:shield":1,"minecraft:stick":56,"minecraft:iron_ingot":27,"minecraft:iron_pickaxe":4,"minecraft:iron_leggings":10,"minecraft:iron_shovel":2,"minecraft:gold_ingot":19,"minecraft:torch":72},"minecraft:killed":{"minecraft:spider":18,"minecraft:skeleton":23,"minecraft:chicken":8,"minecraft:pig":13,"minecraft:zombie_villager":1,"minecraft:hoglin":2,"minecraft:creeper":6,"minecraft:sheep":19,"minecraft:zombie":53,"minecraft:cow":1},"minecraft:custom":{"minecraft:mob_kills":146,"minecraft:interact_with_crafting_table":28,"minecraft:leave_game":4,"minecraft:time_since_death":8234,"minecraft:climb_one_cm":6736,"minecraft:sprint_one_cm":486164,"minecraft:walk_one_cm":371662,"minecraft:damage_blocked_by_shield":1371,"minecraft:drop":26,"minecraft:play_time":169758,"minecraft:deaths":2,"minecraft:sneak_time":801,"minecraft:walk_under_water_one_cm":9045,"minecraft:jump":4060,"minecraft:walk_on_water_one_cm":13859,"minecraft:total_world_time":169758,"minecraft:interact_with_furnace":33,"minecraft:sleep_in_bed":2,"minecraft:time_since_rest":8441,"minecraft:damage_taken":5328,"minecraft:damage_dealt":23379,"minecraft:fly_one_cm":871983,"minecraft:swim_one_cm":35819,"minecraft:open_chest":114,"minecraft:crouch_one_cm":1921,"minecraft:fall_one_cm":129705,"minecraft:horse_one_cm":27882},"minecraft:mined":{"minecraft:nether_gold_ore":28,"minecraft:crying_obsidian":1,"minecraft:mossy_stone_brick_slab":1,"minecraft:obsidian":27,"minecraft:grass_block":8,"minecraft:jungle_planks":14,"minecraft:jungle_log":9,"minecraft:crimson_roots":1,"minecraft:weeping_vines":2,"minecraft:gilded_blackstone":2,"minecraft:magma_block":3,"minecraft:iron_ore":15,"minecraft:fire":15,"minecraft:pumpkin":6,"minecraft:gold_block":2,"minecraft:vine":2,"minecraft:stone":9,"minecraft:crimson_nylium":5,"minecraft:dandelion":1,"minecraft:crafting_table":1,"minecraft:short_grass":59,"minecraft:nether_quartz_ore":106,"minecraft:tall_grass":1,"minecraft:lilac":1,"minecraft:birch_leaves":2,"minecraft:stone_brick_stairs":1,"minecraft:coal_ore":67,"minecraft:oak_log":53,"minecraft:cocoa":1,"minecraft:gravel":4,"minecraft:dirt":2,"minecraft:netherrack":722,"minecraft:ancient_debris":2,"minecraft:oak_leaves":25,"minecraft:fern":16},"minecraft:broken":{"minecraft:iron_boots":1,"minecraft:iron_leggings":1,"minecraft:iron_axe":1,"minecraft:iron_sword":1,"minecraft:iron_pickaxe":3,"minecraft:iron_helmet":1},"minecraft:dropped":{"minecraft:golden_boots":3,"minecraft:wheat_seeds":3,"minecraft:stick":1,"minecraft:dirt":2,"minecraft:iron_leggings":5,"minecraft:iron_shovel":1,"minecraft:rotten_flesh":17,"minecraft:spider_eye":2,"minecraft:egg":1}},"DataVersion":3700}