{"stats":{"minecraft:used":{"minecraft:iron_shovel":4,"minecraft:shield":50,"minecraft:iron_sword":558,"minecraft:mossy_stone_brick_slab":1,"minecraft:netherrack":57,"minecraft:dirt":65,"minecraft:jungle_planks":14,"minecraft:carrot":1,"minecraft:granite":2,"minecraft:obsidian":18,"minecraft:lava_bucket":1,"minecraft:iron_axe":166,"minecraft:stone_brick_stairs":1,"minecraft:bamboo":6,"minecraft:light_gray_wool":1,"minecraft:golden_sword":33,"minecraft:magma_block":3,"minecraft:bow":33,"minecraft:furnace":3,"minecraft:oak_sapling":5,"minecraft:egg":11,"minecraft:cooked_beef":10,"minecraft:cobbled_deepslate":23,"minecraft:golden_boots":1,"minecraft:cooked_mutton":18,"minecraft:water_bucket":16,"minecraft:diorite":1,"minecraft:crafting_table":1,"minecraft:diamond_pickaxe":320,"minecraft:apple":1,"minecraft:iron_pickaxe":878,"minecraft:gravel":3,"minecraft:cobblestone":13,"minecraft:cooked_porkchop":57,"minecraft:andesite":3,"minecraft:bucket":18,"minecraft:dandelion":1},"minecraft:picked_up":{"minecraft:cocoa_beans":1,"minecraft:crafting_table":2,"minecraft:chicken":8,"minecraft:gold_block":2,"minecraft:stone_brick_stairs":1,"minecraft:string":21,"minecraft:iron_leggings":2,"minecraft:iron_shovel":1,"minecraft:gold_nugget":106,"minecraft:cobbled_deepslate":34,"minecraft:beef":6,"minecraft:jungle_sapling":1,"minecraft:iron_pickaxe":1,"minecraft:light_gray_wool":1,"minecraft:furnace":2,"minecraft:egg":12,"minecraft:stick":2,"minecraft:raw_iron":131,"minecraft:porkchop":30,"minecraft:diorite":1,"minecraft:carrot":1,"minecraft:redstone":50,"minecraft:arrow":49,"minecraft:rotten_flesh":71,"minecraft:mutton":28,"minecraft:obsidian":26,"minecraft:white_wool":14,"minecraft:cobblestone":26,"minecraft:magma_block":3,"minecraft:feather":12,"minecraft:andesite":8,"minecraft:jungle_log":9,"minecraft:leather":1,"minecraft:potato":1,"minecraft:flint":1,"minecraft:tuff":3,"minecraft:oak_log":50,"minecraft:ancient_debris":2,"minecraft:golden_boots":2,"minecraft:gunpowder":7,"minecraft:lapis_lazuli":67,"minecraft:dirt":83,"minecraft:bone":33,"minecraft:bow":4,"minecraft:wheat_seeds":10,"minecraft:raw_gold":5,"minecraft:pumpkin":6,"minecraft:quartz":104,"minecraft:dandelion":1,"minecraft:gravel":3,"minecraft:jungle_planks":14,"minecraft:spider_eye":9,"minecraft:crying_obsidian":1,"minecraft:mossy_stone_brick_slab":1,"minecraft:diamond":3,"minecraft:granite":2,"minecraft:gray_wool":2,"minecraft:oak_sapling":5,"minecraft:netherrack":683,"minecraft:coal":92,"minecraft:diamond_pickaxe":1},"minecraft:crafted":{"minecraft:oak_planks":12,"minecraft:golden_chestplate":1,"minecraft:cooked_mutton":28,"minecraft:iron_boots":4,"minecraft:bow":3,"minecraft:iron_axe":3,"minecraft:golden_helmet":1,"minecraft:golden_sword":1,"minecraft:golden_boots":4,"minecraft:cooked_beef":9,"minecraft:arrow":12,"minecraft:cooked_porkchop":48,"minecraft:crafting_table":1,"minecraft:iron_helmet":3,"minecraft:iron_sword":4,"minecraft:bucket":1,"minecraft:birch_planks":12,"minecraft:air":0,"minecraft:jungle_planks":36,"minecraft:iron_chestplate":4,"minecraft:golden_leggings":1,"minecraft:shield":2,"minecraft:stick":56,"minecraft:iron_ingot":43,"minecraft:iron_pickaxe":4,"minecraft:iron_leggings":10,"minecraft:iron_shovel":2,"minecraft:gold_ingot":28,"minecraft:torch":72},"minecraft:killed":{"minecraft:spider":22,"minecraft:skeleton":31,"minecraft:chicken":8,"minecraft:pig":13,"minecraft:zombie_villager":2,"minecraft:hoglin":2,"minecraft:creeper":7,"minecraft:sheep":19,"minecraft:zombie":69,"minecraft:cow":2},"minecraft:custom":{"minecraft:mob_kills":180,"minecraft:interact_with_crafting_table":32,"minecraft:leave_game":4,"minecraft:time_since_death":44234,"minecraft:climb_one_cm":6736,"minecraft:sprint_one_cm":614792,"minecraft:walk_one_cm":462143,"minecraft:damage_blocked_by_shield":1763,"minecraft:drop":27,"minecraft:play_time":205758,"minecraft:deaths":2,"minecraft:sneak_time":1645,"minecraft:walk_under_water_one_cm":9656,"minecraft:jump":5119,"minecraft:walk_on_water_one_cm":17805,"minecraft:total_world_time":205758,"minecraft:interact_with_furnace":60,"minecraft:sleep_in_bed":2,"minecraft:time_since_rest":44441,"minecraft:damage_taken":6834,"minecraft:damage_dealt":29647,"minecraft:fly_one_cm":1074575,"minecraft:swim_one_cm":43739,"minecraft:open_chest":118,"minecraft:crouch_one_cm":3708,"minecraft:fall_one_cm":162176,"minecraft:horse_one_cm":27882},"minecraft:mined":{"minecraft:nether_gold_ore":28,"minecraft:crying_obsidian":1,"minecraft:deepslate_diamond_ore":3,"minecraft:mossy_stone_brick_slab":1,"minecraft:obsidian":27,"minecraft:granite":2,"minecraft:grass_block":11,"minecraft:jungle_planks":14,"minecraft:jungle_log":9,"minecraft:crimson_roots":1,"minecraft:weeping_vines":2,"minecraft:gilded_blackstone":2,"minecraft:redstone_ore":5,"minecraft:magma_block":3,"minecraft:furnace":2,"minecraft:cobbled_deepslate":1,"minecraft:iron_ore":94,"minecraft:fire":15,"minecraft:andesite":8,"minecraft:pumpkin":6,"minecraft:deepslate_lapis_ore":3,"minecraft:gold_block":2,"minecraft:deepslate_iron_ore":37,"minecraft:vine":2,"minecraft:stone":19,"minecraft:deepslate_redstone_ore":6,"minecraft:crimson_nylium":5,"minecraft:dandelion":1,"minecraft:crafting_table":2,"minecraft:short_grass":60,"minecraft:nether_quartz_ore":106,"minecraft:tall_grass":1,"minecraft:lapis_ore":6,"minecraft:deepslate_gold_ore":5,"minecraft:diorite":1,"minecraft:lilac":1,"minecraft:birch_leaves":2,"minecraft:stone_brick_stairs":1,"minecraft:coal_ore":67,"minecraft:oak_log":53,"minecraft:cocoa":1,"minecraft:gravel":4,"minecraft:dirt":6,"minecraft:netherrack":722,"minecraft:ancient_debris":2,"minecraft:oak_leaves":27,"minecraft:deepslate":37,"minecraft:fern":16},"minecraft:broken":{"minecraft:iron_boots":1,"minecraft:iron_leggings":1,"minecraft:golden_sword":1,"minecraft:iron_axe":1,"minecraft:iron_sword":1,"minecraft:iron_pickaxe":3,"minecraft:iron_helmet":1},"minecraft:dropped":{"minecraft:golden_boots":3,"minecraft:wheat_seeds":3,"minecraft:stick":1,"minecraft:dirt":2,"minecraft:iron_leggings":5,"minecraft:iron_shovel":1,"minecraft:rotten_flesh":17,"minecraft:diamond_pickaxe":1,"minecraft:spider_eye":2,"minecraft:egg":1}},"DataVersion":3700}