{"stats":{"minecraft:used":{"minecraft:water_bucket":8,"minecraft:iron_shovel":4,"minecraft:shield":24,"minecraft:iron_sword":290,"minecraft:dirt":34,"minecraft:jungle_planks":12,"minecraft:apple":1,"minecraft:iron_axe":73,"minecraft:iron_pickaxe":76,"minecraft:bow":28,"minecraft:oak_sapling":4,"minecraft:cooked_porkchop":26,"minecraft:bucket":9,"minecraft:egg":2,"minecraft:dandelion":1},"minecraft:picked_up":{"minecraft:cocoa_beans":1,"minecraft:feather":10,"minecraft:chicken":7,"minecraft:jungle_log":7,"minecraft:oak_log":40,"minecraft:gunpowder":4,"minecraft:string":4,"minecraft:dirt":63,"minecraft:bone":9,"minecraft:bow":2,"minecraft:wheat_seeds":6,"minecraft:jungle_sapling":1,"minecraft:light_gray_wool":1,"minecraft:egg":2,"minecraft:raw_iron":3,"minecraft:stick":2,"minecraft:dandelion":1,"minecraft:porkchop":19,"minecraft:jungle_planks":12,"minecraft:spider_eye":2,"minecraft:arrow":19,"minecraft:rotten_flesh":19,"minecraft:gray_wool":2,"minecraft:oak_sapling":4,"minecraft:mutton":23,"minecraft:coal":67,"minecraft:white_wool":13,"minecraft:cobblestone":6},"minecraft:crafted":{"minecraft:cooked_beef":9,"minecraft:oak_planks":12,"minecraft:cooked_porkchop":20,"minecraft:crafting_table":1,"minecraft:iron_helmet":1,"minecraft:iron_sword":1,"minecraft:bucket":1,"minecraft:jungle_planks":12,"minecraft:iron_boots":1,"minecraft:bow":2,"minecraft:iron_chestplate":1,"minecraft:shield":1,"minecraft:iron_axe":1,"minecraft:stick":8,"minecraft:iron_pickaxe":1,"minecraft:iron_shovel":1,"minecraft:iron_leggings":1},"minecraft:killed":{"minecraft:pig":10,"minecraft:spider":6,"minecraft:creeper":4,"minecraft:sheep":16,"minecraft:skeleton":10,"minecraft:zombie":26,"minecraft:chicken":7},"minecraft:custom":{"minecraft:interact_with_furnace":12,"minecraft:mob_kills":81,"minecraft:interact_with_crafting_table":5,"minecraft:leave_game":4,"minecraft:time_since_death":69513,"minecraft:sleep_in_bed":2,"minecraft:climb_one_cm":4503,"minecraft:time_since_rest":23961,"minecraft:sprint_one_cm":211798,"minecraft:damage_taken":1854,"minecraft:walk_one_cm":142147,"minecraft:damage_blocked_by_shield":848,"minecraft:drop":3,"minecraft:damage_dealt":11013,"minecraft:swim_one_cm":4923,"minecraft:fly_one_cm":383781,"minecraft:open_chest":38,"minecraft:crouch_one_cm":483,"minecraft:play_time":69513,"minecraft:sneak_time":317,"minecraft:walk_under_water_one_cm":6153,"minecraft:jump":1680,"minecraft:walk_on_water_one_cm":8032,"minecraft:total_world_time":69513,"minecraft:fall_one_cm":49851,"minecraft:horse_one_cm":27882},"minecraft:mined":{"minecraft:dandelion":1,"minecraft:short_grass":47,"minecraft:grass_block":6,"minecraft:jungle_planks":12,"minecraft:jungle_log":7,"minecraft:tall_grass":1,"minecraft:fire":13,"minecraft:iron_ore":3,"minecraft:birch_leaves":1,"minecraft:coal_ore":67,"minecraft:oak_log":43,"minecraft:cocoa":1,"minecraft:vine":2,"minecraft:dirt":2,"minecraft:stone":6,"minecraft:oak_leaves":18,"minecraft:fern":14},"minecraft:dropped":{"minecraft:wheat_seeds":1,"minecraft:stick":1,"minecraft:spider_eye":1}},"DataVersion":3700}