{"stats":{"minecraft:used":{"minecraft:water_bucket":16,"minecraft:iron_shovel":4,"minecraft:shield":41,"minecraft:iron_sword":433,"minecraft:mossy_stone_brick_slab":1,"minecraft:netherrack":20,"minecraft:dirt":46,"minecraft:jungle_planks":14,"minecraft:carrot":1,"minecraft:obsidian":18,"minecraft:diamond_pickaxe":49,"minecraft:lava_bucket":1,"minecraft:apple":1,"minecraft:iron_axe":166,"minecraft:iron_pickaxe":158,"minecraft:gravel":3,"minecraft:stone_brick_stairs":1,"minecraft:light_gray_wool":1,"minecraft:magma_block":3,"minecraft:cobblestone":3,"minecraft:bow":31,"minecraft:oak_sapling":4,"minecraft:cooked_porkchop":42,"minecraft:bucket":18,"minecraft:egg":9,"minecraft:cooked_beef":9,"minecraft:dandelion":1},"minecraft:picked_up":{"minecraft:cocoa_beans":1,"minecraft:magma_block":3,"minecraft:feather":12,"minecraft:chicken":8,"minecraft:jungle_log":7,"minecraft:gold_block":2,"minecraft:flint":1,"minecraft:stone_brick_stairs":1,"minecraft:oak_log":40,"minecraft:golden_boots":2,"minecraft:gunpowder":6,"minecraft:dirt":64,"minecraft:string":15,"minecraft:bone":19,"minecraft:bow":4,"minecraft:wheat_seeds":9,"minecraft:beef":3,"minecraft:jungle_sapling":1,"minecraft:iron_pickaxe":1,"minecraft:light_gray_wool":1,"minecraft:egg":10,"minecraft:raw_iron":15,"minecraft:stick":2,"minecraft:pumpkin":6,"minecraft:quartz":15,"minecraft:gravel":2,"minecraft:dandelion":1,"minecraft:porkchop":26,"minecraft:jungle_planks":14,"minecraft:carrot":1,"minecraft:mossy_stone_brick_slab":1,"minecraft:crying_obsidian":1,"minecraft:spider_eye":8,"minecraft:rotten_flesh":54,"minecraft:arrow":36,"minecraft:gray_wool":2,"minecraft:obsidian":26,"minecraft:netherrack":63,"minecraft:oak_sapling":4,"minecraft:mutton":28,"minecraft:coal":67,"minecraft:white_wool":14,"minecraft:cobblestone":9},"minecraft:crafted":{"minecraft:cooked_beef":9,"minecraft:oak_planks":12,"minecraft:arrow":12,"minecraft:cooked_porkchop":48,"minecraft:crafting_table":1,"minecraft:iron_helmet":2,"minecraft:iron_sword":2,"minecraft:bucket":1,"minecraft:air":0,"minecraft:jungle_planks":28,"minecraft:bow":3,"minecraft:iron_boots":2,"minecraft:iron_chestplate":2,"minecraft:shield":1,"minecraft:iron_axe":2,"minecraft:stick":28,"minecraft:iron_pickaxe":1,"minecraft:gold_ingot":18,"minecraft:iron_shovel":1,"minecraft:iron_leggings":2,"minecraft:golden_boots":2},"minecraft:killed":{"minecraft:pig":13,"minecraft:zombie_villager":1,"minecraft:spider":18,"minecraft:creeper":6,"minecraft:sheep":19,"minecraft:skeleton":23,"minecraft:zombie":53,"minecraft:chicken":8,"minecraft:cow":1},"minecraft:custom":{"minecraft:interact_with_furnace":20,"minecraft:mob_kills":144,"minecraft:interact_with_crafting_table":16,"minecraft:leave_game":4,"minecraft:time_since_death":133758,"minecraft:sleep_in_bed":2,"minecraft:climb_one_cm":5544,"minecraft:time_since_rest":88206,"minecraft:sprint_one_cm":431992,"minecraft:damage_taken":3691,"minecraft:walk_one_cm":285265,"minecraft:damage_blocked_by_shield":1371,"minecraft:drop":19,"minecraft:damage_dealt":22460,"minecraft:swim_one_cm":35819,"minecraft:fly_one_cm":782224,"minecraft:open_chest":68,"minecraft:crouch_one_cm":1908,"minecraft:play_time":133758,"minecraft:sneak_time":746,"minecraft:walk_under_water_one_cm":9045,"minecraft:jump":3438,"minecraft:walk_on_water_one_cm":13859,"minecraft:total_world_time":133758,"minecraft:fall_one_cm":107614,"minecraft:horse_one_cm":27882},"minecraft:mined":{"minecraft:crying_obsidian":1,"minecraft:mossy_stone_brick_slab":1,"minecraft:crimson_nylium":1,"minecraft:dandelion":1,"minecraft:obsidian":27,"minecraft:short_grass":58,"minecraft:grass_block":8,"minecraft:jungle_planks":14,"minecraft:jungle_log":7,"minecraft:nether_quartz_ore":15,"minecraft:tall_grass":1,"minecraft:magma_block":3,"minecraft:iron_ore":15,"minecraft:fire":13,"minecraft:lilac":1,"minecraft:birch_leaves":2,"minecraft:pumpkin":6,"minecraft:stone_brick_stairs":1,"minecraft:gold_block":2,"minecraft:oak_log":43,"minecraft:coal_ore":67,"minecraft:cocoa":1,"minecraft:vine":2,"minecraft:gravel":3,"minecraft:dirt":2,"minecraft:stone":9,"minecraft:netherrack":65,"minecraft:oak_leaves":19,"minecraft:fern":15},"minecraft:broken":{"minecraft:iron_axe":1,"minecraft:iron_pickaxe":1,"minecraft:iron_sword":1,"minecraft:iron_boots":1,"minecraft:iron_helmet":1},"minecraft:dropped":{"minecraft:golden_boots":3,"minecraft:wheat_seeds":2,"minecraft:rotten_flesh":17,"minecraft:stick":1,"minecraft:dirt":2,"minecraft:spider_eye":2,"minecraft:egg":1}},"DataVersion":3700}